17.2153759,17.33675808,17.1808292,17.29474155,234684800
16.83722305,17.2331138,16.82010429,17.20697108,392467600
16.92903328,17.01835701,16.6075267,16.72735303,412610800
16.80796051,16.99221113,16.74197874,16.94116901,317209200
16.91440582,16.97976428,16.76594683,16.76968007,258529600
16.69840431,17.02022165,16.66198935,17.01835337,279148800
16.58698082,16.83161165,16.53002468,16.80142154,304976000
16.67381668,16.88452249,16.49174352,16.49267767,378492800
17.00559616,17.01617758,16.73388677,16.75131635,332561600
17.34702301,17.43541426,17.16961886,17.22750916,391638800
17.25022888,17.33115031,17.17023994,17.27045924,229278000
16.82757759,17.18238604,16.80361231,17.16402396,426739600
17.08901405,17.12013666,16.8197945,16.83753492,328526800
17.16495323,17.34484568,17.04979593,17.14627867,379985200
17.31029701,17.32025678,16.95642285,17.11608659,403239200
16.99563217,17.29286089,16.95454816,17.24244043,429354800
17.13351059,17.2673424,16.98567494,17.12012841,554878800
15.76408386,16.02863269,15.62620458,15.83442222,1065523200
15.58511734,15.7911558,15.51882474,15.68471332,502810000
15.55492783,15.76407955,15.45906842,15.64082913,678501600
15.5804491,15.60939425,15.36102845,15.41175975,464797200
15.60939026,15.80235732,15.53998608,15.64300446,401464000
15.83535004,15.85620371,15.6476753,15.7438472,376681200
15.95361805,16.03734023,15.75629441,15.76594335,328344800
16.04661179,16.07760967,15.89945462,15.96990298,257765200
16.27110291,16.37286016,16.19909111,16.32433003,370280400
16.56259155,16.65652155,16.21849649,16.23916062,345559200
16.78082848,16.83687146,16.57856472,16.61331987,282256800
16.77958107,16.89354991,16.69567206,16.81183138,308100800
17.04602051,17.05917011,16.72571972,16.74012174,307398000
17.03223991,17.09454834,16.94520074,16.98464954,272924400
17.09486198,17.25767188,17.08296314,17.09517467,260251600
16.82497787,17.12304785,16.73042245,17.05604405,313768000
16.63022614,16.81338918,16.56290967,16.6878359,305858000
16.44549942,16.73730723,16.42514797,16.68157525,278784800
16.51750755,16.59171317,16.35688981,16.3797461,288909600
16.34562492,16.58076107,16.31243655,16.57481331,231952000
16.19815445,16.4376749,16.1433622,16.39415446,276217200
16.52127266,16.55602614,16.15745132,16.19157943,301882000
16.47649574,16.68032293,16.34749789,16.5654144,371968800
16.52408791,16.61457336,16.36910352,16.38820255,238781200
16.63304138,16.67687617,16.52439666,16.62552852,259140000
16.66811562,16.74294496,16.56698372,16.62303006,200062800
16.61770248,16.73323639,16.53473157,16.68157437,185488800
16.60800743,16.6562249,16.47055689,16.62835889,220729600
16.62302208,16.69847843,16.54224167,16.54286872,178584000
16.78489685,16.86786776,16.67531237,16.76485976,279224400
16.80117989,16.82434887,16.65684192,16.7354302,199326400
16.61457253,16.89667363,16.5679202,16.82716668,257742800
16.42796707,16.62208758,16.37505263,16.55633622,237199200
16.49214554,16.59327571,16.46427956,16.52220367,199544800
16.63805199,16.65589859,16.44393151,16.46584807,209647200
16.63367081,16.78959324,16.56290976,16.66498137,224756000
16.55351448,16.67781531,16.51124648,16.59077279,208398400
16.68407822,16.71163151,16.47931297,16.65464712,374046400
16.8819561,16.92297168,16.75264557,16.85784739,355700800
17.06355095,17.08734697,16.89447727,16.95428086,282293200
16.90042877,17.18910631,16.87162473,17.11145779,299768000
16.82779312,16.95428615,16.7545289,16.90794651,222031600
16.80900764,16.87413196,16.72728914,16.85472024,200564000
16.80525398,16.93268509,16.77989116,16.88321522,168669200
16.95898056,16.96586972,16.80618833,16.83718454,200760000
16.98715973,17.01627814,16.91546062,16.98183735,180420800
16.86943054,16.98558979,16.83342465,16.95083632,162344000
16.65120506,16.90731967,16.61238163,16.90137192,275251200
16.38976479,16.62239767,16.3402966,16.53222492,289850400
16.38882828,16.47273892,16.2404187,16.44362051,243888400
16.60424232,16.6095647,16.34437044,16.36378216,206169600
16.3900795,16.66435335,16.38037281,16.61550887,239652000
16.26890755,16.36972504,16.19157172,16.24980685,271717600
16.33372307,16.34875047,16.19376777,16.34061056,205674000
16.21725082,16.33247037,16.00966635,16.28957698,266490000
16.25012589,16.31525019,16.09764635,16.22006774,214765600
16.43578911,16.52408406,16.25607067,16.28111911,284334400
16.63085175,16.6612209,16.40510635,16.44831409,182548800
16.64745522,16.65152517,16.48464354,16.5413136,202563200
16.42984581,16.62960307,16.4204518,16.56479144,394940000
17.77678871,17.84661,17.5563674,17.79056536,759911600
17.90736008,17.90892352,17.65750756,17.6753525,390275200
18.60087204,18.65284675,17.92645655,17.93428545,669485600
18.5457592,18.66004066,18.45746593,18.58990667,337377600
18.47563362,18.76806854,18.46655397,18.55547433,456640800
18.51915359,18.62310135,18.35884681,18.53543342,244048000
18.55359268,18.60431664,18.46373427,18.54607982,191514400
18.81596756,18.81722165,18.47281209,18.47719641,287067200
18.61088181,18.92397899,18.61088181,18.84226054,374564400
18.5457592,18.70105624,18.40173397,18.63718437,282864400
18.51271057,18.714843,18.46264996,18.52089595,230297200
18.43557167,18.45792508,18.27153456,18.40408622,291597600
18.66509056,18.69122222,18.49412753,18.49696248,213208800
18.69437027,18.71892808,18.59802901,18.63895756,159737200
18.6978302,18.8089717,18.63076831,18.65249285,166404000
18.53883743,18.78378834,18.51427962,18.72396851,230846000
18.81243896,18.81306783,18.4311582,18.53285325,276256400
19.03534889,19.12161648,18.80676878,18.82314121,317755200
19.03913498,19.0923433,18.91382539,19.03283789,234836000
19.08950615,19.10178421,18.95569677,19.01142392,196859600
19.11973,19.20096161,19.01992491,19.09863601,200760000
19.33571434,19.35460561,19.09454171,19.11909952,232209600
19.69779205,19.70503245,19.38294428,19.39081522,348866000
19.64678764,19.83002877,19.63954557,19.7100713,315481600
20.00476265,20.05167554,19.76516389,19.76768273,376474000
19.92983437,20.28151802,19.80074654,20.0866277,564020800
19.79288101,19.98745694,19.59925006,19.96006586,369350800
20.07277298,20.11055552,19.78028031,19.78689183,292709200
20.30198669,20.39864578,20.02775468,20.06962992,335482000
20.38163185,20.4452316,20.23239507,20.34542486,303805600
20.32559776,20.50474789,20.29096629,20.46192767,349938400
20.65082932,20.69050013,20.22106352,20.43043625,301660000
20.77204514,20.94836025,20.62217779,20.87783454,251108000
20.68610191,20.88445609,20.60014872,20.74560733,182724000
20.34008217,20.743402,20.25412898,20.72577015,218996000
20.11748123,20.37313803,20.02932366,20.32024247,218100000
20.32024002,20.44145688,20.15494522,20.16816995,142244000
20.29379463,20.43043726,20.23208484,20.3444841,118904000
20.31583405,20.34007742,20.13290739,20.33566862,134056000
20.24530983,20.34228333,20.13070448,20.34007893,142112000
20.03593445,20.39737894,20.03373005,20.24310279,403592000
20.01830292,20.19241364,19.96761177,20.12629505,174776000
19.89708138,20.21885498,19.87724681,20.00066636,156144000
19.91471863,19.98965147,19.75823974,19.88165933,147476000
20.03373146,20.06679076,19.79129941,19.9169234,130516000
20.2717514,20.27615852,20.00507436,20.01609468,256116000
20.48112488,20.65743998,20.29599385,20.29819825,197929200
20.61116028,20.73237715,20.52520711,20.61116028,152892000
20.60234261,20.73016929,20.51638777,20.68829576,113860000
20.72356033,20.73898778,20.54063368,20.64421869,91567200
21.15112305,21.15553017,20.7389874,20.74780333,225872000
21.0144825,21.33405351,20.69932029,21.21724375,260888000
21.02329254,21.14671211,20.88444553,21.03431287,145744000
20.94616127,21.05856223,20.6111628,20.66405836,158744000
20.98583412,21.13349712,20.90649246,21.01668903,136072000
21.25691223,21.35388573,21.08059877,21.12688112,171240000
21.00786781,21.34506895,20.94395362,21.3340503,181911600
20.88885117,21.40016293,20.88003524,21.37151244,213585200
20.51638985,20.9990512,20.40178619,20.94395294,229192000
20.81171799,20.8800393,20.50096295,20.63320014,199952000
20.70372391,20.93734001,20.65523717,20.9351356,156316000
20.87563515,20.91310157,20.74339962,20.86681922,220788000
21.42001152,21.57208166,20.9748164,21.02991469,371672000
21.3847332,21.44864737,21.25029333,21.3869376,182916000
21.52579689,21.56326332,21.29879223,21.34507459,173876000
21.82332039,21.87180713,21.499344,21.55884939,221272000
21.68227386,21.91589171,21.65362337,21.89164833,172572000
21.63158035,21.75279553,21.52579094,21.69549455,132040000
21.06958008,21.47730698,21.01007468,21.41339446,227372000
21.18638611,21.29437993,20.89546731,20.91530356,194044000
21.06737709,21.28556749,20.97481239,21.23928513,159832000
20.96379471,21.08721432,20.79629546,21.01668859,223732000
20.92852783,21.04313318,20.87342956,20.88224548,154232000
20.92630959,21.25189743,20.84214257,21.02597909,186844000
20.98390198,21.00162153,20.66052771,20.87758803,167460000
21.26076126,21.28069618,21.00604818,21.10128867,146340000
21.25632858,21.45788297,21.1765923,21.27183277,135180000
21.53762245,21.53762245,21.27183593,21.29619989,127664000
21.59520912,21.61071331,21.44016727,21.55755634,112464000
21.70152855,21.74804111,21.45345985,21.68380899,195804000
21.9628849,22.00939746,21.7015274,21.81448575,190288000
22.26631737,22.2995411,21.99831554,22.01825045,277596000
22.27518272,22.39035644,22.13785873,22.24638972,210796000
22.27740097,22.35713728,22.1733007,22.2751856,133912000
22.44129753,22.47452127,22.19101521,22.2131638,176736000
22.49002647,22.62956414,22.43243878,22.54539881,161080000
22.34606171,22.48117035,22.3394173,22.4634508,132608000
22.62071419,22.71817007,22.30398424,22.37486079,209476000
22.64728355,22.76467263,22.49445538,22.50109979,273840000
22.70265198,22.79124803,22.63620452,22.78238826,178380000
22.87984848,22.97730264,22.75138426,22.82668982,214256000
21.91415787,22.85770133,21.83442156,22.83555273,501684000
21.73253441,22.16886698,21.65944252,21.89422068,342872000
21.92080116,22.01382628,21.77461738,21.88314838,233828000
21.78569603,21.99611027,21.71703486,21.99389659,185426800
21.70374298,22.83112476,21.29398798,21.94516727,759385200
22.37042236,22.39478632,21.65279741,21.70816974,403478400
22.4656601,22.46787546,22.064765,22.23974175,249412400
22.51660728,22.63399637,22.38814306,22.41693607,250504400
22.50996017,22.82447631,22.46787835,22.77131765,245266000
22.33941269,22.42800875,21.90307846,22.10463455,267632400
22.49888802,22.54761594,22.27961235,22.43022517,243706000
22.54540253,22.66943603,22.49445923,22.5764109,149197600
22.36156654,22.66943663,22.25968164,22.65614781,283609600
22.38371468,22.6229236,22.27740073,22.54761802,211153600
22.73366928,22.80011677,22.26854193,22.28183075,253608800
22.53653908,22.780177,22.41471927,22.62735051,240687200
21.67716217,22.30619108,21.64393843,22.26189389,400368000
22.31504631,22.31504631,21.79454681,21.82333981,249482000
22.17329979,22.24639168,21.8454948,21.84992553,199065200
22.31504631,22.49002305,22.2663184,22.32833513,221056400
21.96730614,22.30175541,21.86099054,22.27960513,205965200
22.12678528,22.1976618,21.71481497,21.98724591,191031200
22.06476402,22.19544189,21.93629983,22.02489588,173878400
22.06476402,22.29289772,22.02046515,22.13785421,148204800
21.87207413,22.17551516,21.86764508,22.02268696,168376800
22.32611847,22.3947796,21.77460899,21.87428017,229618800
22.3748455,22.67607105,22.28403578,22.49002087,309506000
22.31061935,22.59855445,22.21537888,22.30175958,265326400
22.10685539,22.54318976,22.10685539,22.44352021,214333600
21.87207413,22.26410955,21.83220598,22.23531654,254754400
21.60407066,21.96066864,21.08135568,21.69931115,403734400
21.32056046,21.64393463,21.13229489,21.16330326,288618000
21.63286209,21.9274433,21.44238114,21.59520931,272718800
22.0957756,22.14007279,21.75468184,21.77683043,310069200
22.6960144,22.81783254,22.43022617,22.81783254,378495600
22.81118584,23.0592545,22.72480513,22.7779621,273052400
23.21873093,23.26745886,22.95294267,23.0526139,284298800
23.30510139,23.36490275,23.15227326,23.29624162,188215600
23.28074265,23.3626943,23.18993121,23.22315495,136750800
23.64177513,23.64177513,23.33390504,23.34498018,192243600
23.77466583,23.78131193,23.55760722,23.62183933,210751600
23.69493484,23.77688483,23.45572591,23.69050411,162619200
23.92084885,23.92970862,23.74587206,23.92306421,178557200
24.23093605,24.43027681,23.92306598,23.96957854,209130400
24.05374336,24.25086875,23.85883334,24.22207574,166297600
24.11132813,24.20878397,23.94964017,24.16448509,149743600
24.18028831,24.20030968,23.98008489,24.15804368,139874000
24.24925041,24.3182093,24.14692372,24.191413,134766000
24.20920753,24.32043241,24.17361476,24.25147183,108782000
24.40273666,24.41385983,24.11355301,24.18028692,109769200
24.74753761,24.78757864,24.32933264,24.33155592,187769600
25.09677696,25.23691967,24.82538804,24.869879,238091600
25.39931107,25.40153604,24.73863507,25.17018811,176254400
25.35704803,26.08890796,25.20355885,25.4193337,186986800
25.68627739,25.73521661,25.33480632,25.34592948,176896000
25.50831413,25.74633531,25.31478392,25.6796014,167476800
25.8731308,25.99547884,25.54835436,25.5617025,173582000
25.90872765,26.15342208,25.81084919,26.14007563,228717200
26.38921547,26.4203583,25.94209266,25.99325515,189803200
26.16008568,26.6383529,26.12671788,26.48708702,275361600
26.47151756,26.4937622,26.21125179,26.23572139,163073200
26.45594978,26.56050144,26.26019461,26.53158189,99257600
25.59729195,26.52713194,24.75198224,26.42925351,335256000
25.49941444,25.74855878,25.08120952,25.24804684,237395600
25.78859711,25.88202559,25.6061884,25.74855609,172253600
25.69071579,26.07110458,25.64622653,25.75300144,168178000
25.58172607,25.82197226,25.50164401,25.80195089,153275600
25.00335121,25.50386313,24.82984069,25.38151509,230659600
25.38596535,25.42600637,24.32487912,24.51173779,240832000
24.90324783,25.54835242,24.81204432,25.45047569,178261200
24.82983971,25.31478019,24.76755236,24.9722074,165606800
24.40941048,24.88545278,24.37604268,24.57179783,224112400
24.075737,24.82539156,23.65753039,24.62518645,268872400
23.74650955,24.50506397,23.63750966,23.66197926,243162800
24.33823204,24.43388382,23.76208621,23.82882182,213647200
25.05896378,25.05896378,24.61628926,24.88545325,236024800
24.86543274,25.19020917,24.83873986,24.97220937,353719200
25.12347794,25.24582429,24.90770138,24.94996738,180670000
25.03449249,25.21022798,25.01669611,25.18798335,104113600
24.91659737,25.07231151,24.91659737,25.04339366,57918400
25.35704803,25.47494614,24.91659845,24.93661812,134884000
25.33925247,25.5305577,25.29253653,25.31255789,110395600
25.03004646,25.34147647,24.93884294,25.27919081,119526000
24.55400467,25.16574153,24.51618862,25.09678264,165613600
24.32043266,24.78980179,23.87998139,24.77867863,212818400
23.63528633,24.16916608,23.44842935,24.08908403,257142000
23.63751221,23.89777802,23.27491801,23.69979787,263188400
23.96896172,24.06906343,23.73538879,23.84661367,160423600
24.8898983,24.9477357,24.18028317,24.29818294,237458000
24.91659737,25.19243459,24.51618713,25.06341332,214798000
24.30263519,25.05451474,24.20253348,25.04784152,198603200
24.51841354,25.09233435,24.22700489,24.78757756,268367600
24.42498589,24.57847508,24.1358005,24.25592358,195826400
23.76208305,24.48281979,23.72649197,24.46947335,240056000
23.57744598,23.93114193,23.4017105,23.8087939,314053200
24.18474388,24.24035633,23.69090503,23.98898696,199599600
24.36936378,24.70526159,24.08462676,24.23589262,194303600
25.00335121,25.01892263,24.40718584,24.5273089,215185600
25.13237381,25.30365937,24.80982065,24.98110791,185859200
25.15906334,25.43935047,25.09232944,25.30143103,222460000
24.27816391,25.02114691,24.2536943,25.00779877,382274800
25.65068245,26.27576746,25.65068245,26.16676585,585908400
26.44927788,26.51378851,25.70629477,25.87535707,337745600
26.06220818,26.69396452,25.99324761,26.33804533,334982000
26.38921547,26.50933855,25.82196958,26.26019589,250956400
26.39366341,26.49154014,26.16231546,26.3602956,207662800
26.59609413,26.80742243,26.31803192,26.36029792,280598800
26.7859211,26.85068633,26.63182446,26.80378602,168984800
26.56035995,26.85515241,26.45316192,26.8037863,174826400
26.73679161,26.76358984,26.44869868,26.47549862,155559200
27.2504406,27.27947428,26.83505271,26.83728476,248034000
27.88916206,27.89809538,27.35764276,27.41794049,294247200
28.24201584,28.46981101,28.04325436,28.15268443,297898000
28.38048553,28.42515039,28.06112684,28.42515039,217088800
28.54796791,28.78246258,28.34473897,28.47203564,252609600
28.7467289,28.76012801,28.46310189,28.50330093,179566800
28.68643951,28.81596998,28.65964128,28.69313907,149449600
28.92092896,28.92092896,28.59710456,28.72439954,195793600
29.70257568,29.70257568,28.95666219,29.03706028,283896400
29.51722145,29.83658183,29.29389375,29.68918473,276912400
28.76236916,29.38992277,28.61943958,29.38098776,298846800
29.12639618,29.22689296,28.27551825,28.76237096,365150000
28.68867683,29.1598984,28.63954447,29.03259998,248059200
28.82937622,29.09513677,28.65294881,28.86510948,192386800
28.88966942,28.92540267,28.6060423,28.80033971,151265200
28.70653725,28.93433242,28.65740829,28.8316036,126665200
28.23085213,28.75343807,28.0856888,28.71547277,226068400
28.27328491,28.89190186,28.19735432,28.67527373,291368400
28.39388275,28.93657082,27.92936074,28.57701139,354114000
27.80653191,28.41174976,27.64796945,28.23085487,275426400
27.29957199,27.86459068,27.27054001,27.86012488,275756000
27.79312897,27.89362745,27.16334498,27.31520787,193450800
27.60106277,28.00528697,27.37550308,27.78195933,207309200
27.90479088,27.90479088,27.44027063,27.66583035,143497200
28.3715477,28.43407917,28.06112237,28.11695429,204092400
28.69090652,28.84500316,28.22191875,28.36261457,261083600
28.47428513,28.86510865,28.45195269,28.75344478,183238000
28.11696243,28.67528007,27.95170038,28.64178227,274780400
28.40951538,28.55244497,28.25541873,28.38941671,150838800
28.29339027,28.59488066,28.26435658,28.41398745,131369200
27.5541687,28.32241647,27.5541687,28.25988499,206620800
27.74623108,27.88916066,27.37997381,27.41570706,190291600
27.52513695,27.84896141,27.44920635,27.81992942,158184800
28.22191811,28.22861766,27.69263092,27.70379798,188398800
27.78866577,28.24872029,27.7730329,28.15938887,168362400
27.74846268,27.94275836,27.49163552,27.87575938,162485600
27.98742104,28.04101919,27.7350614,27.92265581,128880400
28.44077682,28.47651007,27.76632805,27.79759379,148776000
28.14151764,28.61273741,28.13481808,28.5055411,140049200
28.04995346,28.22861627,27.90925765,28.10578538,149316800
28.26435089,28.2688184,27.84002966,28.10578844,129936000
28.38495445,28.40952064,27.97403224,28.12812722,160752000
28.32911301,28.71323855,28.27551485,28.6685703,145460400
28.20628738,28.42738132,28.11918972,28.36261608,102098400
28.31348419,28.39164854,28.14152262,28.23085404,115881600
28.17725182,28.38494662,28.1638527,28.201818,113476000
27.86013222,28.1705576,27.79536698,28.03879507,207828000
28.49660683,28.61273645,27.95392059,28.04325199,188217200
28.34251595,28.63060715,28.28891608,28.60827642,129740400
28.72439957,28.78023148,28.21074702,28.36037613,150618000
28.95889473,29.12639046,28.61720371,28.65293695,183083600
29.09513092,29.17329697,28.86063617,29.14203123,178103600
29.62441254,29.73161227,29.28942105,29.54848195,387816800
29.15765953,30.04650269,28.93656732,30.02863947,475696000
28.7288723,29.38768827,28.65294171,29.06833132,253544400
27.94946289,28.72887611,27.82216617,28.72887611,332781600
28.79810333,29.06163176,27.98295867,28.16161979,234050400
28.74226952,29.15989456,28.6440048,28.92093233,203953200
28.09461975,28.68643668,28.09015224,28.6194377,197085600
27.91819763,28.30678737,27.54970657,28.26435456,288564000
28.09087944,28.27477304,27.8127951,27.98099053,175763600
28.62013054,28.62013054,28.28149665,28.40932509,222201600
28.32859993,28.6066826,28.17385956,28.56855871,168143200
28.22767448,28.4541764,27.99220024,28.16712318,192640000
28.25907516,28.52370271,28.22767882,28.29047151,138776800
28.91840363,28.91840363,28.51697866,28.57304381,180814000
28.87803078,29.03949864,28.75244542,28.94530962,152832000
29.1964798,29.31533761,28.7860826,28.79056877,203531600
29.1695652,29.35121566,29.07313141,29.30860562,178532800
29.16732025,29.3736395,29.00585242,29.15386517,145819600
29.46559715,29.51942092,29.1157512,29.16957497,158921600
29.72349548,29.81992931,29.46783856,29.51269341,182384000
29.06865311,29.80647228,28.95652283,29.73695205,282790400
29.61135864,29.66069623,29.16508238,29.23011643,183332800
29.55304718,29.59117105,29.40055169,29.57098843,122933200
29.21665955,29.47904394,29.13143946,29.42970635,203538000
29.2749691,29.46559193,29.16508363,29.21666259,128451200
29.14490318,29.30188489,29.00137656,29.12247576,134670400
29.18078232,29.36467762,29.13144472,29.30188493,123934000
29.01034546,29.28394361,28.90942889,29.05968305,153800400
28.85111237,29.08434521,28.78607833,29.04173516,142507200
28.66049957,28.97670778,28.44296656,28.90718413,210699200
28.57527351,28.72328627,28.17160563,28.41380567,224301600
28.90269852,29.00585645,28.67170873,28.6874069,156349200
28.83766174,29.19423518,28.81299295,28.96997464,141563600
28.51921272,28.77935577,28.50575764,28.74795943,147544800
28.46314621,28.53490951,28.19179117,28.27925264,175955600
28.61563683,28.67170195,28.33979739,28.48780842,125976400
28.54836464,28.67843444,28.42277759,28.64255365,131672400
28.67844009,28.7748722,28.53042901,28.5326721,141628800
28.3913765,28.66497456,28.34652508,28.64030577,218867600
28.6178875,28.71880406,28.49902969,28.59097562,136157200
28.48781776,28.6178893,28.45417834,28.58873604,121075600
28.7300148,29.10901562,28.50799737,28.52817999,221123600
28.59322166,28.97446394,28.59322166,28.89821617,127752400
28.4250164,28.70309892,28.37119437,28.63133564,176267200
27.92716217,28.36222812,27.91595017,28.13572452,196645600
28.1289959,28.2837362,28.00116747,28.16039223,177482800
28.3913765,28.46762595,28.25457747,28.45865532,120955200
28.35550117,28.41156631,28.20524532,28.35325809,108844000
28.2568264,28.30840707,27.99892645,28.01911079,112241600
28.18730736,28.290467,27.75672583,28.23215878,187787200
27.48761177,27.95183098,27.48088423,27.91595018,243046400
26.92695808,27.821757,26.736337,27.7746625,314380000
27.64684105,27.7746695,27.18262177,27.34633273,245418000
28.18057251,28.20299822,27.88006258,28.03928731,165762000
28.16937065,28.33980917,28.04154219,28.26580277,127072400
28.44072342,28.51472981,28.16264081,28.19403715,134596800
28.81971931,28.83317782,28.55957799,28.64703946,144889600
29.06865311,29.06865311,28.77487232,28.94755391,184658800
29.61808586,29.81991894,29.31084665,29.37139794,235600800
29.32206726,29.80871225,29.22563687,29.79301579,307025600
28.08190727,28.14469995,27.35754492,27.35754492,461802400
28.06845093,28.50127214,28.0460235,28.30168039,203998000
27.92044258,28.19852523,27.78588657,28.10433619,168649200
27.53246117,27.72084088,27.38669321,27.60422446,177822000
27.66926956,27.78812911,27.48313458,27.66926956,134472400
27.58180046,27.6961738,27.42033262,27.61768296,148046800
27.44275665,27.48760807,27.29474391,27.43154294,134513200
27.20280266,27.50331094,27.11534119,27.49434032,171540000
26.56141853,27.48761393,26.35509754,27.24765523,279904000
25.70922661,26.39546327,25.39750461,26.3326706,496554400
25.87966728,26.337159,25.1396068,25.33022792,397250400
25.93598175,26.24460997,25.70845461,26.12521417,211612000
26.02383614,26.18828808,25.79405578,25.81207824,154681600
26.9699955,27.03081916,26.25136577,26.25136577,219806400
25.56653023,26.62307346,25.53048702,26.53972086,388331200
25.96076775,26.00131744,24.6969711,25.35027089,404870000
25.94048882,26.22208335,25.80307055,26.14098399,194143200
26.12296677,26.20181291,25.68367989,25.7535148,171718000
26.39329529,26.50367987,26.01933689,26.14098595,163538800
26.24460411,26.4563637,26.13421956,26.22883489,138242800
25.90894699,26.24911191,25.83460563,26.15449657,193146000
25.37730408,25.76027202,25.14752194,25.69944835,274006400
23.82515526,25.20834773,23.8003748,24.87719222,513102000
23.23042107,24.50998657,20.72535571,21.37189732,648825200
23.3700943,25.03037638,23.31602863,25.03037638,414406400
24.71048546,24.7555399,23.66520663,24.12476742,387098400
25.4381237,25.51021184,24.78482403,25.28268469,338464400
25.52148056,25.52598532,25.12724814,25.26917119,212657600
25.40208054,25.80081765,25.23087058,25.23762857,224917200
24.26669502,25.2038409,24.18559565,24.81411496,307383600
25.3074646,25.3074646,24.58433,24.83213458,247555200
24.86367035,25.40658369,24.78932898,25.34125355,212935600
24.61587143,24.88169679,24.44466316,24.54828976,199985200
25.30070877,25.35702769,24.85241069,25.17455495,219374400
24.8141098,25.68592535,24.72850397,25.62735493,340043200
25.35927773,25.51922322,24.7577922,24.84114309,251571200
25.72872925,25.72872925,25.17680465,25.18356264,199662000
25.97653198,26.33246789,25.87515864,26.26263299,233453600
26.1950531,26.25137201,25.77604024,26.11620696,173364800
26.22433662,26.25362184,26.00581899,26.1882917,148694000
25.66339874,26.24235703,25.61834431,26.05537957,256450400
25.55752563,25.74901134,25.20159136,25.27818427,297141200
25.9540062,25.99005112,25.60482999,25.6070815,200888000
25.54625511,25.72196982,25.34801147,25.54174864,201384800
25.75350761,25.8436182,25.52372725,25.59806689,143026800
25.90669441,26.01933221,25.31422019,25.51246211,200878000
25.84136963,26.28741617,25.68592888,26.23109726,224607600
25.32999229,25.80982877,25.32999229,25.64763004,208436000
24.56856728,25.57104517,24.29823712,25.41785763,293461600
24.84790611,25.12724745,24.49422339,24.81861918,265892000
24.68570328,24.69471451,24.17432665,24.57081223,255716400
24.86592293,25.00784767,24.22839421,24.3320208,232079200
24.9560318,25.0889453,24.57081071,24.75328341,208258800
25.07542992,25.17229851,24.72850524,24.92224242,192787200
24.9560318,25.17905417,24.64740531,25.17229618,187062400
24.66768456,24.82312531,24.37707875,24.82312531,247918400
25.25790596,25.29394917,24.66542991,24.78032097,211064400
25.14076233,25.39982967,25.10471912,25.39532491,121868800
25.18356705,25.33224809,24.93351092,24.96504937,132197200
24.82762909,25.12273964,24.68119957,25.0709272,177849600
25.19933701,25.25340269,24.89070871,24.98983056,150694000
25.01460266,25.23086703,24.89971162,25.18130612,156930400
25.17004395,25.1745487,24.80509685,24.96053757,119036800
25.62960815,25.71971875,24.96504572,25.08218829,195871200
25.62735939,26.03736102,25.61384168,25.68142507,167180800
26.01933479,26.01933479,25.70394857,25.75576272,166616400
26.82582092,26.85961261,26.20631298,26.28966385,237467600
25.96977234,26.61180749,25.88867298,26.60054474,265335200
25.80532455,26.25362258,25.67916903,25.9968085,279537600
26.86862946,26.87538917,26.14549473,26.34148519,342205600
27.15246964,27.18851456,26.64334626,26.74021485,204909200
26.92044067,27.30791507,26.9091762,27.25610092,197461200
27.29889488,27.33944456,26.94521229,27.21329078,128813200
27.61203384,27.81928701,27.1907678,27.2110435,182076000
27.4836216,27.8936231,27.39801749,27.73818239,179544400
27.35693359,27.75737926,27.18951652,27.56733681,158210800
27.38860703,27.55828698,27.28906262,27.39991971,132169200
27.27774239,27.55827936,27.16009841,27.3659758,135485600
26.4180336,26.71214617,26.25740347,26.44744589,236511600
26.26872253,26.56509634,26.06510622,26.32754541,180872000
26.18048477,26.42934835,26.16464805,26.30265454,130102400
25.41579628,26.14655211,25.39995955,26.0628427,183249600
25.83207703,25.84565087,25.11263393,25.19860449,152426800
25.72122002,26.02890648,25.63751062,25.99949418,110467600
26.53568268,26.58092998,26.13071298,26.18953585,186698800
26.87277794,27.09223094,26.41577405,26.61486456,173183200
26.9904213,27.13068893,26.8886123,26.96779592,137148400
26.63974953,27.08770531,26.54699033,26.98363343,129930000
26.89539909,27.00173212,26.49721811,26.54472828,171212800
26.7031002,26.97458917,26.67821367,26.97006341,85553200
26.65332603,26.78907138,26.60581586,26.76192196,52185600
26.76418304,27.01530949,26.6397504,26.6940475,156721200
26.54698944,26.87956238,26.43839525,26.86598853,139409600
26.30718231,26.72120185,26.26193501,26.54699612,133546400
26.06283951,26.4225619,25.84112534,26.3682648,166278000
26.92933655,26.9791096,26.0424765,26.08319976,231108000
26.75965881,27.11711832,26.65332577,26.9180278,128336800
26.74834633,26.83205399,26.43839702,26.58771447,137238000
26.15786171,26.6261783,26.03569194,26.61486562,185445600
26.28228951,26.4564952,26.13297206,26.25287894,116850800
25.60583496,26.10582499,25.53117537,26.0605777,187544800
25.4474659,25.49271319,24.83887998,25.37959323,257274800
24.9972496,25.51986502,24.96557615,25.32529854,213292400
25.18955612,25.33661244,24.61490815,25.12847209,224954000
24.65562439,25.39542808,24.65562439,25.34339215,179091200
23.98822212,24.77779908,23.93844906,24.6397943,385813200
24.28232765,24.29137745,23.88414496,24.27101497,190362400
24.25971413,24.37057123,24.08324549,24.29817451,131157600
24.57191849,24.62621559,24.25291936,24.26875609,130629600
24.44070053,24.66015355,24.42260092,24.66015355,54281600
24.16695404,24.36378344,24.02216059,24.34115806,106816800
24.6013298,24.75743591,24.17599935,24.198623,123724800
24.28007507,24.59228563,24.24840161,24.56513794,100855200
23.81401825,24.21446221,23.71447212,24.20993817,163649200
23.83437347,23.83889924,23.07647014,23.21447662,270597600
23.23710442,23.9474977,23.16923347,23.92487405,223164000
22.78235817,23.16018013,22.59458036,22.75068472,273829600
21.82084274,22.65340584,21.8163187,22.3253586,324377600
21.93621826,22.42263434,21.89097098,22.29594056,283192000
22.29141808,22.41132495,22.02219203,22.39096419,198957600
22.61494064,22.78009653,22.36155133,22.74842308,196616800
22.03350449,22.89321683,22.01314372,22.69638749,249758400
22.51539803,22.73258989,21.66021133,22.16246427,252680400
21.97468185,22.10590142,21.57423797,21.76427867,319335600
21.86835098,22.31856793,21.60591185,22.26427083,212350800
21.89776611,22.21450241,21.13533682,21.51542003,289337600
21.78691101,22.14436887,21.4792245,21.95885215,208646000
22.94525909,22.9543089,22.25522817,22.31404932,263202000
22.49729729,22.97013787,22.44526135,22.96787499,207178000
22.62173271,22.82308613,22.18735241,22.60815887,300308000
21.13533783,21.86156793,21.11723822,21.72808718,533478800
21.28691673,21.38419998,20.9023095,21.21904578,222715200
22.02219582,22.02219582,21.34573885,21.44528498,257666000
21.81631279,21.87965968,21.58328598,21.82536259,163774000
21.37514877,21.7280825,21.32989975,21.58781313,149428800
21.79821396,21.90907103,21.28465015,21.49279044,183857200
21.97336578,22.13941786,21.65263743,21.80504028,185886800
21.3864994,22.04615568,21.31143643,21.95516831,185672400
21.61168861,21.76864002,21.16357734,21.18404858,216085600
21.60714531,21.82324056,21.36603023,21.44791869,177324800
21.4433651,21.91649802,21.40469603,21.8186869,169374400
21.31371117,21.54572907,21.06122202,21.33418415,200298800
21.379673,21.49568193,21.15675579,21.42516755,161405600
21.98246384,22.03023181,21.52070499,21.61396578,196231600
22.3191185,22.33958975,21.87100711,21.98928948,179452800
21.8960247,22.49426368,21.85735391,22.48288961,156084000
21.84598541,22.00976234,21.79139368,21.8368865,141496800
22.0370636,22.04161392,21.81869488,21.90740712,137123200
21.53890038,21.95061604,21.50705506,21.92786963,127770400
21.85963631,21.92332696,21.22727665,21.3774061,145022800
22.00976181,22.00976181,21.66628531,21.84826005,110330800
22.04388046,22.29636784,21.96881576,22.10984452,115964400
21.99383545,22.34413564,21.98473654,22.03250451,140865200
22.86730957,22.92190129,22.15988544,22.21220374,201628400
22.9173584,22.94920372,22.66486925,22.86276667,132678400
23.0879612,23.13572918,22.84911952,22.87869142,147822800
23.43143272,23.59975822,23.05838608,23.28585363,184220400
23.17212677,23.39049547,22.96513041,23.29040917,143315600
22.98104668,23.14709875,22.83774274,22.92417979,126247600
23.00152588,23.10616077,22.80817702,23.04474355,108806800
23.01288986,23.25628005,22.78087374,23.06748332,134054400
23.26083374,23.26538233,23.0879579,23.25628342,109632800
23.31996918,23.40868311,23.1516437,23.18121559,100304400
23.78855705,23.92503724,23.62250498,23.64752655,160270800
24.10474014,24.18207829,23.79083377,23.79538409,153214000
24.06606674,24.21846958,23.8749931,24.00237437,137682800
24.09336281,24.22529441,23.92731247,24.18889876,176820800
24.09108734,24.48688036,23.91593637,24.09563593,142010800
24.2753334,24.40498982,23.93185697,23.94095588,129777600
24.14113235,24.35495242,24.08881579,24.22074739,102814000
24.0364933,24.16842488,23.85906891,23.99100049,104532000
23.92731094,24.15477848,23.89773905,24.11155909,77645600
24.49370766,24.51872923,23.85679778,23.85907294,124760400
24.92134285,25.11696507,24.70297422,24.71434829,182404400
24.79169655,24.99869293,24.76667497,24.95774868,103553600
25.0191555,25.02143066,24.61198838,24.74391997,103496000
25.27619743,25.51958767,25.08284861,25.11696909,149424800
24.97821617,25.18748768,24.88950395,24.90997693,106314800
25.23980331,25.24435364,24.83945987,25.07375295,105616400
24.68932533,25.11696365,24.59378939,25.01005364,127207600
24.71662521,24.9691126,24.60516486,24.7734921,94326800
24.79851341,25.16018775,24.75529575,24.78714108,117630000
25.1215229,25.1351704,24.71663084,24.87130715,108929200
25.48546791,25.55370714,25.2034086,25.2034086,133029200
25.49911499,25.5650808,25.32396572,25.38993153,101895600
24.9873085,25.54460501,24.96001351,25.50138562,187756000
24.44821548,24.78259136,24.32538279,24.76894386,243286000
24.31856155,24.5665004,24.16388352,24.53920366,129539600
24.36859894,24.58696759,24.12520872,24.25714032,122444000
24.10474014,24.32310882,24.00237869,24.32310882,126210000
24.03877449,24.22074925,23.79765941,23.88637162,134732400
23.90229225,24.03194869,23.77263581,23.88409443,112126400
23.73623657,23.95233177,23.63615204,23.63615204,224064800
22.25087738,22.45332338,21.76409692,21.83688648,458408400
21.57074928,22.2645243,21.43881768,22.20310883,328970800
21.32281494,21.54573398,21.04303073,21.37968185,274126000
21.30006027,21.40014654,21.01800101,21.37512498,192640400
21.65036011,21.77774137,21.3091588,21.42744116,227325200
21.42517281,21.81414218,21.34100917,21.65491382,164102000
21.33820534,21.52815332,21.2100485,21.51213372,143562000
21.21920013,21.38626145,21.02009787,21.36795458,174799600
21.23522377,21.45949824,21.18945222,21.28328259,131745600
21.37940216,21.41373039,21.07960592,21.35880627,134747200
21.17114067,21.41372371,21.15969735,21.39312783,114876400
20.67453384,21.2329345,20.47543329,21.21920391,305258800
20.71572304,20.9789037,20.59672053,20.59672053,177571200
21.48466873,21.60138398,20.97432871,21.14367905,245039200
21.39542389,21.67233526,21.28557565,21.63800877,187667600
21.64029121,21.78904568,21.48696046,21.54875161,168249600
21.5579052,21.65860086,21.41372875,21.65860086,121768400
21.79133224,21.83939105,21.63113447,21.65859739,128104000
22.06824303,22.24217139,21.89431467,21.94008621,152074400
22.40465546,22.44813624,22.16207067,22.24903572,140560800
22.79829025,22.82575144,22.45272243,22.5808793,152675200
22.97907829,23.05231102,22.57400843,22.81201521,225324800
22.96534538,22.99280831,22.71360801,22.75709054,145364800
22.85321045,22.97679101,22.61520364,22.79370831,169228800
22.53281784,22.77997897,22.50306764,22.66097469,116693200
22.36346817,22.39092935,22.11401802,22.33600524,160766400
22.40923691,22.48933494,22.30167595,22.37948671,114019600
22.5717144,23.31777381,22.32455511,22.42524899,93170000
22.66326141,22.85549841,22.64724181,22.71360924,89638000
22.64267349,22.78456097,22.58317134,22.66098037,83392400
22.80514717,22.88295617,22.53281219,22.5419665,106405600
22.61749268,22.73649521,22.53739465,22.54883623,126851600
22.2765007,22.6838596,22.22157659,22.58545296,152082000
22.30396843,22.537399,22.14148334,22.27192921,127727600
22.23073006,22.52137369,22.20555614,22.38634982,117780800
22.32455826,22.37032805,21.98585585,22.07281915,125307200
21.81650543,22.11859061,21.80964014,22.11172532,244032800
21.76387215,22.1002856,21.74785254,21.96983974,137647600
21.94924545,22.04993937,21.66775609,21.72725823,142185600
21.86685753,22.17351905,21.82108598,22.02705358,116876400
21.99272919,22.03621173,21.79820487,21.95611369,128960800
21.37482452,21.66317917,21.20318514,21.26268728,301245600
21.06357956,21.29472102,20.93999903,21.2832777,181958400
21.41830063,21.43432198,21.08646526,21.26039362,161779600
21.60367775,21.63800598,21.42746034,21.5052711,146124000
21.87829781,21.91720231,21.58079061,21.61282982,143345600
21.94466972,22.07740461,21.81651286,21.85312836,104106000
21.73869896,21.83252932,21.61740741,21.83024031,110820800
21.8622818,21.89203375,21.59681377,21.64944888,123796400
21.95610428,22.08426109,21.88287157,21.90117843,100558400
22.12545586,22.17351466,21.98127944,22.08197333,115648400
22.19411087,22.34744159,22.13689776,22.14147404,95179600
22.29480934,22.35888776,22.22615464,22.23759622,96670000
22.16893768,22.3520186,22.16207064,22.29251822,103568800
22.60834122,22.65411102,22.27192772,22.28794733,155676000
22.60604668,22.72505094,22.54196826,22.63808588,120548000
22.84634399,22.91499869,22.56485467,22.58773957,145975600
22.85549355,22.88524373,22.73420029,22.7845481,95119600
22.87609291,22.99051915,22.82574509,22.88524722,105104000
22.7548008,23.1140991,22.68614436,22.84634213,130808000
22.57858276,22.72504819,22.49848301,22.71589388,113254800
22.2765007,22.61977944,22.18038307,22.48475731,161531600
22.12316895,22.42067787,22.06595582,22.15749717,224959200
23.56036377,23.88075761,23.51459397,23.86244899,369379200
23.87846756,23.90364147,23.53061255,23.53290156,159479200
23.84872055,23.92653131,23.727429,23.84414427,110934800
24.26980972,24.29269463,23.89449174,23.89449174,152671600
23.9105072,24.2743818,23.80065725,24.26980552,135266400
24.21030235,24.22174393,23.97687186,23.98602617,120810400
24.3598671,24.38977846,24.22411176,24.29314013,109634800
24.73031616,24.76943142,24.43119553,24.45190299,162213600
24.93509674,24.93509674,24.65668534,24.73951693,112148800
25.0363369,25.06625001,24.85226415,24.90288473,105260800
24.84996223,25.0570456,24.79474059,25.01332752,96034000
24.83385277,25.06394498,24.81544497,24.96960633,109938000
24.89137459,24.95119905,24.79933736,24.79933736,74641600
25.19049835,25.20430332,24.86836888,24.88217385,103472800
25.1674881,25.3630679,25.12837284,25.22501116,135177600
25.13067245,25.16518664,24.92819018,25.10306076,101424000
25.09845734,25.21810451,25.08465061,25.13297152,87938800
25.16288567,25.23881652,24.93279344,25.02713034,101472400
24.96730614,25.1030597,24.81544444,25.04783806,103280800
25.04553413,25.15367774,24.9719047,24.98570967,85030800
24.85686684,25.02253355,24.7763349,24.98111687,94700400
24.75102234,24.82235037,24.54624038,24.70960567,100344800
24.60606194,24.83845381,24.46110272,24.71420556,111065200
24.57845497,24.7211128,24.45650636,24.53243722,99881200
24.38977242,24.50481851,24.27472632,24.34375468,99455600
24.41278267,24.52092629,24.30694047,24.31154329,118649600
24.55774689,24.57385327,24.30234435,24.42199155,106806000
24.78783607,24.8499602,24.57845131,24.78093183,107210000
24.78093529,24.91899205,24.73721895,24.82695479,107521600
24.93279839,25.02483564,24.63597915,24.81084976,169457200
24.27933121,24.68199261,24.21490566,24.67739154,212008000
23.72941399,24.32535385,23.72941399,24.07685379,186228000
24.26092148,24.32534701,23.59135235,23.61896405,181171200
24.83845711,25.03173551,24.67509182,24.73721771,248704800
25.71740723,26.00732392,24.98801529,25.01792841,443554800
26.59175873,26.62857433,26.11316647,26.19830123,359934400
26.44220161,26.72061303,26.23972106,26.48822112,319547600
26.13387871,26.73211822,26.05794784,26.50432738,188092000
26.13157845,26.25812989,25.88768121,26.01193124,138057200
26.12697029,26.22820967,25.87156781,26.1959969,144012800
26.37317467,26.44680412,26.23051684,26.31104878,124296000
25.93369293,26.41228515,25.66678688,26.3271504,209924800
25.97280693,26.09015444,25.66678564,25.68749309,119477600
26.0211277,26.04183691,25.84855854,26.00042024,98429600
26.21900558,26.37776977,26.09935841,26.15918288,118564400
25.81174469,26.18449471,25.72431028,26.03723583,143548000
26.01192284,26.08555227,25.7243076,25.87616753,145516400
25.88998032,26.01193069,25.83475867,25.93369841,86807200
26.00042152,26.30184178,25.91528677,26.0142265,118947200
26.01192284,26.15227921,25.92908951,26.09245475,85812400
26.20519829,26.30873907,26.03032774,26.16148021,115117200
26.24431992,26.35936603,26.11777024,26.30184297,97433600
26.70220566,26.86326953,26.39618255,26.46520917,144944000
26.75972557,27.30964583,26.73671494,27.08185327,256164000
26.99902153,27.14628217,26.86326796,27.00132294,150347200
26.91618919,27.02203141,26.6262725,26.87247111,140769600
27.06575203,27.19000206,26.9507059,27.12327509,142608800
27.04734612,27.11407133,26.87017409,26.99672554,94499600
27.02893448,27.19920224,27.02433165,27.19229975,98214000
26.94840813,27.09566704,26.18450184,26.97831949,80138400
26.93459702,27.00822646,26.76663066,26.88857927,96503200
26.82875061,26.90008039,26.75512118,26.87706976,92770800
27.07034683,27.09105429,26.92078656,26.94379542,94154800
27.20840263,27.23371292,26.9921154,27.13937427,192516000
26.59636116,26.62167145,26.07175113,26.30184337,264536800
26.34096527,26.65849199,26.25352908,26.55034834,138248000
26.1660862,26.5089231,26.10396032,26.20060038,151446800
26.12467003,26.28343422,26.04643776,26.14998031,105677600
25.6529808,26.17759078,25.43209249,26.10626275,175303200
25.67598915,25.85085972,25.59315757,25.63227282,113326800
25.40078163,25.77775699,25.3360253,25.66674664,107730400
25.17181396,25.49791054,25.00298525,25.10011972,123348000
25.53491592,25.55804293,25.31520497,25.45859522,130240000
25.6852417,25.8378831,25.37070951,25.51178652,97016800
25.64361954,25.7453805,24.9891165,25.41234591,236705600
24.92897987,25.69218164,24.47568386,25.69218164,228538000
25.07699203,25.17875297,24.64219838,24.77402424,136575600
24.44792747,24.93360159,24.07095221,24.91047459,204702000
24.77170944,24.90353529,24.55200028,24.64682152,129058000
25.43778038,25.49328731,24.65376309,24.6768901,235362000
25.42852592,25.5210357,25.16950068,25.39614777,110528000
25.45397186,25.56498397,25.36146383,25.37533969,113715600
25.84020233,25.9003322,25.44241142,25.46785166,117058400
25.85638618,25.99977467,25.7638764,25.89107581,103862000
25.72456169,25.78931801,25.51641511,25.75462662,109705600
25.85407448,25.87257679,25.65980375,25.70143306,45903600
25.80319214,26.0113387,25.76156283,25.77081398,108776000
25.77775574,25.90958162,25.45628557,25.62048962,114115200
25.56035233,25.94889197,25.50253394,25.81012819,144649200
25.32214546,25.65749323,25.21575982,25.52566736,148347600
25.41696548,25.46090626,25.17412753,25.248135,106112000
25.23426247,25.44703375,25.03536703,25.44009583,137298000
25.42852592,25.52334893,25.2527593,25.32445353,104782000
25.67830467,25.71530929,25.24582422,25.26895122,119994800
25.93039513,26.00208937,25.57885829,25.63898991,108273200
26.35362053,26.52707569,25.97433205,25.97433205,137610400
26.20329666,26.59646103,26.01596387,26.20098343,105497600
26.64039993,26.80922863,26.30736547,26.32817924,174935200
26.64039993,26.87398494,26.5918327,26.60570855,136127200
26.78610039,26.99656015,26.64964985,26.68433947,186098000
26.82080078,26.94337551,26.7467933,26.93643759,177404400
26.97575188,27.14689384,26.76991852,26.7814829,111117600
27.04744148,27.17464264,26.9849984,26.99887425,85700000
27.07288742,27.15152136,27.00813109,27.01275755,95132800
26.89480782,26.94568829,26.74447962,26.90868367,104343600
26.94799232,26.94799232,26.73290786,26.73290786,56998000
27.11913872,27.24402665,26.94105708,26.94799501,73187600
27.00350189,27.29490531,26.8739875,27.17926853,83623600
26.99656677,27.0844501,26.92024606,26.93180869,60158000
26.78610039,27.10525723,26.69590385,26.97805784,122345200
26.86242104,26.90405034,26.54095097,26.78147565,115127600
26.83236122,26.94568655,26.76991813,26.79304513,84472400
26.96881294,27.02663134,26.78379337,26.8092336,88774400
27.26946449,27.32728288,26.93643002,27.00812426,127007600
27.51924324,27.62100418,27.27640704,27.2787185,134247600
27.54699898,27.60944207,27.35966792,27.46836504,97848400
27.69500923,27.73663854,27.42904428,27.46142244,110354400
27.57937241,27.59093679,27.33884769,27.49842701,108344800
27.5308094,27.66494851,27.4776157,27.54699848,104447600
27.75283051,27.80833567,27.3411638,27.3689155,137759200
27.75051498,27.868465,27.68575867,27.75282821,94852000
27.70194817,27.77364241,27.60712692,27.61406484,102389200
27.75283051,27.85690291,27.69038741,27.85690291,130391600
27.77133179,27.94016051,27.69963578,27.75282948,88200800
27.74588776,27.77595268,27.63718891,27.64875329,92844000
28.18762398,28.23850445,27.81758659,27.84996475,129510400
28.20150375,28.31714056,28.12286981,28.13905889,105350400
28.20381165,28.29632143,28.12286625,28.24775419,82251600
28.12980652,28.12980652,27.90547262,27.96791571,121510000
28.06504822,28.07429937,27.89621949,28.01879421,196804000
29.77647591,30.17889324,29.37406034,29.37868503,447940000
29.72559357,29.92448899,29.55213838,29.59839415,134841600
29.85279465,29.87823488,29.64002337,29.674713,98029200
30.13263512,30.18120412,29.81116496,29.86436043,107383600
30.41941452,30.54892716,30.16963862,30.1904524,152735200
30.53735924,30.57899031,30.34771675,30.37778345,92016400
30.75803185,30.76499985,30.4560719,30.57917807,113399600
30.68835258,30.87882091,30.67209508,30.76732924,80262000
30.9601059,31.08321559,30.83467826,30.91132986,92141600
31.36194611,31.3782036,30.95081607,31.00191714,132904800
31.47576332,31.6522956,31.26903753,31.47808835,142492400
31.43859482,31.56634393,31.32013165,31.51292138,90338400
31.52453041,31.55008094,31.38052028,31.38052028,88792800
31.75217056,31.76378509,31.58493134,31.64300041,98028800
31.84740257,31.84972406,31.61512628,31.68945285,83347600
31.71267891,31.93334066,31.65925636,31.91011516,83152800
31.74287987,31.74287987,31.42233744,31.56867264,87106400
31.80558777,31.92405093,31.65460961,31.85436734,81029600
31.81953049,31.92405411,31.75216838,31.8404345,93931600
32.46988678,32.55350635,31.9612049,32.02856344,145658400
32.27711487,32.58371773,32.23065677,32.51868065,104844000
32.46757507,32.47918959,32.19116576,32.23529882,84432400
32.36537552,32.46525616,32.19349334,32.37234352,87000000
32.40719223,32.51403735,32.23762797,32.30034357,69785200
32.28639984,32.47222156,32.24459182,32.27478532,74828800
32.21207047,32.237621,31.83346257,32.22601002,88623600
32.31891632,32.37001738,32.2027782,32.34446685,78451200
32.33283997,32.38626249,32.24457744,32.25154544,69686800
32.28408432,32.43738398,32.24924075,32.35608941,61236400
32.62552261,32.69288116,32.29336574,32.38163185,102767200
32.67894745,32.75559904,32.57906681,32.68591545,76928000
32.51636505,32.75096287,32.493136,32.75096287,175540000
32.8578186,32.8671081,32.5721161,32.61160266,86168000
32.48151398,33.16905332,32.45596344,33.00878212,158119600
32.848526,32.89033759,32.46294635,32.48385392,103440800
32.73237991,32.88568314,32.66037482,32.81135301,81385200
32.66735077,32.92285621,32.59999218,32.8671086,89582400
32.72309113,32.80206423,32.19814434,32.37699811,94300400
33.40134048,33.45708454,32.66269983,32.73006196,133499200
33.47565079,33.56159541,33.25963558,33.37344867,116760000
33.43152237,33.56392155,33.33164527,33.49191647,84829200
33.36880493,33.51049358,33.21782325,33.38274094,78646800
33.37810898,33.47566461,33.22713078,33.38043401,79942800
33.62664032,33.65451234,33.25499683,33.27357936,79565600
33.45243073,33.78690913,33.40365115,33.49888527,110871600
33.36880493,33.56856264,33.32002536,33.51513655,84596000
33.29447556,33.48958675,33.27821806,33.38506315,66688800
33.25499725,33.41991498,33.19228166,33.3548779,75733600
32.89729309,33.29680861,32.5326176,33.20157447,121517600
32.93677521,33.01806977,32.75327497,32.89032066,81400000
32.76257324,33.07150115,32.76257324,32.962331,71291600
32.94374466,32.95535918,32.72075787,32.86244655,66328400
32.79740906,32.99252028,32.77650504,32.84618863,58790000
32.6766243,32.98323068,32.62320175,32.95535866,69313600
33.08544159,33.19693324,32.78812817,32.80206418,93278400
33.04593658,33.14116713,32.948381,33.08542311,69283600
33.36416245,33.43616752,33.2573138,33.33164391,68537200
33.57088089,33.65682195,33.41757774,33.42687077,75486000
33.37345886,33.58715619,33.3037788,33.55695913,80164800
33.39901352,33.48495818,33.28752187,33.42921058,56985200
33.36648178,33.51746347,33.27821922,33.4686839,83441600
34.04705048,34.19106061,33.67076411,33.70328265,134411600
34.26307678,34.39779747,34.10745208,34.27004479,181408800
34.15854263,34.25842326,33.5104935,33.81709628,182788000
34.03543854,34.17712719,33.86819935,34.03311705,93487600
34.59986877,34.60451175,34.08885823,34.08885823,109310800
35.54058075,35.7008519,34.61612245,34.61612245,195009600
35.76823425,35.97496005,35.64280305,35.74035868,156521600
35.59866333,35.75661305,35.33154701,35.68460797,103222800
35.90652847,35.93451909,35.52402321,35.55667596,109020400
36.4079895,36.48262286,36.07446156,36.08145833,130108000
36.31468582,36.53625834,36.16308451,36.3869881,104038800
36.26104736,36.39865517,36.08612111,36.3706681,80194000
35.0435791,36.05115659,34.91763369,35.82491823,203070800
35.57766342,35.76425212,35.24880479,35.28145755,134272800
35.69894409,35.91351984,35.59865476,35.77358099,107843200
35.91585922,36.05346702,35.66396499,35.91819029,91865600
35.87154388,36.12810025,35.75725745,36.12810025,79675600
35.76425552,35.95784101,35.60798849,35.88087303,76712000
35.88787842,35.99983381,35.69196182,35.85522565,76942400
35.82723618,35.9741754,35.75726495,35.9181977,87710400
35.84123993,36.01849734,35.76194084,35.78293115,80507600
35.62897873,35.95784095,35.54035185,35.91119466,97804800
35.72694778,35.76193518,35.5030441,35.72461671,65616400
36.25639725,36.25639725,35.65931593,35.82024873,111082800
35.90186691,36.02315013,35.79224972,35.99749413,101326800
36.02315903,36.34035889,35.86689194,35.89487902,106499600
36.2377243,36.37999781,36.03014528,36.15609418,84278400
36.14910126,36.27737769,36.01148987,36.20974109,85003200
34.7473526,36.19574365,34.05697893,36.19574365,259530800
33.91703415,34.07330118,33.23831943,33.99167106,289229200
34.18991852,34.39050076,33.85405954,34.32286418,136661600
33.85639191,34.40216093,33.54852001,34.40216093,126124800
33.65347672,33.69779193,33.16835105,33.42724204,128661600
33.18233871,33.70245168,33.16601056,33.53452222,201444400
34.13161087,34.22490701,33.50654275,33.50654275,130165600
33.8214035,34.25522071,33.80507891,34.25522071,99600400
34.02199173,34.06864158,33.72811688,33.94036161,85063200
33.96601868,34.21557831,33.84706653,33.99867144,76425200
34.11763,34.32287803,33.84474537,33.84941106,141757600
34.01033401,34.5840902,33.90771003,34.32519917,102769600
33.5228653,34.08962819,33.4972093,33.82140581,99047600
34.01267242,34.07797796,33.38993518,33.70013827,88329600
33.51120758,33.84940122,33.18467996,33.75144294,125997600
33.59051132,33.80975283,33.53453363,33.69080068,92096400
33.46921539,33.88903902,33.37592284,33.79108076,57111200
33.6068306,33.77009439,33.28729978,33.51353802,86278400
33.28962326,33.46921517,33.21498993,33.35726339,96515200
33.62783432,33.76078003,33.32929368,33.32929368,76806800
33.83307266,34.0406517,33.43890489,33.6115001,84362400
33.9426918,34.01732872,33.67447296,33.75610308,79127200
33.99168015,34.09430059,33.77710431,34.02199828,99538000
34.46513367,34.63306314,33.92169574,33.93568927,100797600
34.76133728,34.82897741,34.36250749,34.51177772,80528400
34.88262939,35.19516347,34.651729,34.71003776,95174000
35.00390625,35.01556871,34.67504407,34.79865833,71475200
35.22315598,35.31644857,34.97359278,35.09720706,83692000
35.06455612,35.39108732,35.02957229,35.33510963,68974800
35.04822922,35.08787875,34.72403267,34.98292369,105010400
35.47271347,35.55434715,34.96192821,35.12052987,85972800
35.62432861,35.88088507,35.40508706,35.40508706,75415600
35.79225159,35.90186878,35.69895543,35.76659559,63124000
35.1158638,35.91586176,34.35551892,35.85988408,129905200
34.86863327,35.03889383,34.79633099,34.95959478,68854800
34.68904877,35.06222628,34.54910987,34.96193335,79383600
34.99692917,35.03657871,34.61442373,34.77535652,141474400
36.65055466,37.25929826,36.42198531,37.14967751,279747200
36.28437424,36.66687953,36.15609426,36.62956107,108389200
36.47562408,36.71119017,36.31236028,36.40099073,82239600
37.04005051,37.0657065,36.54092774,36.63188925,87481200
37.33626556,37.74442688,36.91411071,36.9910787,144823600
37.56483459,37.61381552,37.11002698,37.14501082,104526000
36.36832047,37.46414499,36.20675577,37.44072847,163217200
36.87409592,37.1293232,36.54394575,36.66804548,105028400
37.42903137,37.51332586,37.17146389,37.30493165,88490800
37.83879471,37.97928313,37.49693275,37.61869224,117862000
37.68658447,38.05185928,37.49926305,37.91839514,110686400
36.9630661,37.63039768,36.95838208,37.58590843,111762400
36.87876511,37.34706689,36.6961277,36.96305957,109712400
36.81087112,36.97009205,36.31915272,36.87877333,105474000
37.41263199,37.46414547,37.00052767,37.04969736,86418400
37.4594574,37.57419262,37.20189357,37.24638281,77596400
37.29321671,37.63741883,37.12462776,37.56482905,79275600
37.43135834,37.59526323,37.29321018,37.38218508,101920400
37.80834579,37.93244548,37.44775141,37.49692467,103864000
38.14553833,38.19470804,37.4641581,37.48757463,118067600
38.24856186,38.37500181,38.07528886,38.35392908,109078400
38.40076065,38.52252016,38.27900114,38.31646616,107140400
38.41245651,38.62085067,38.31411356,38.58806969,66364400
37.95118332,38.45929041,37.5952729,38.34221495,117874000
37.91137695,38.16426038,37.58590731,38.09869841,86606800
37.75918198,37.98865249,37.54844754,37.9535277,87714000
37.14336395,37.73342174,37.11994743,37.66551954,114446000
37.8153801,37.94416384,37.43839691,37.58122914,126323200
37.66552353,38.39139293,37.17614888,38.07528771,286856000
37.38219452,37.45478431,36.97477419,37.43370801,179629600
37.061409,37.3236569,37.01691975,37.22765773,95042800
37.4360466,37.69127022,36.99584177,37.10589298,196458400
37.15273666,37.5812334,36.99585593,37.48991466,113077600
37.16677094,37.41028987,37.09886875,37.34940835,83242400
36.54393768,37.05672522,36.01943831,36.97243074,211805600
35.91641235,36.48071697,35.7665559,36.48071697,150046800
35.5651741,35.65415257,35.25375303,35.48321987,186581600
35.25143051,35.55114348,34.92596079,35.12030654,177549200
35.85786819,36.04050561,35.51835011,35.53942283,146640000
36.1130867,36.22782191,35.95152203,36.01240354,102016800
35.8906517,36.12480262,35.75484374,36.0334839,88022000
36.08733749,36.08968129,35.5909387,35.87426288,105199200
36.01475906,36.16461554,35.75953537,36.12012628,74795200
36.17163849,36.31447071,36.0381743,36.06158725,64921200
35.93748856,36.02646706,35.69865715,35.97261334,80655200
36.38470078,36.39640903,36.07093949,36.10137667,85135200
36.36364365,36.4081329,36.19037066,36.2863734,69630400
36.49008179,36.69847598,36.4081311,36.48305754,65051600
36.50413132,36.99584974,36.31681342,36.54159633,62468000
36.65632629,36.75700947,36.46900485,36.52051834,67622400
36.52754593,36.84833157,36.46432418,36.60950019,64500400
36.75935364,36.82725583,36.62354568,36.69847211,65576800
37.4360466,37.46414356,36.91388753,36.97242525,96486000
37.57420731,37.66786627,37.28385881,37.41264256,75989200
37.40794754,37.63039376,37.37048611,37.562488,65496800
36.5228653,36.78043278,36.29808238,36.70316253,170336800
36.58607864,36.937305,36.51817645,36.67037311,95896400
36.56734467,36.92325502,36.410464,36.73593359,87937200
36.78511429,36.86004073,36.5743763,36.59544902,71028800
36.6235466,36.89047851,36.35661469,36.74062206,84828400
36.85770416,36.95604714,36.71018791,36.81555513,68002000
38.17830658,38.30709029,37.15974869,37.29789687,177816800
39.03765106,39.35375631,38.33519813,38.37500337,178803200
39.58088303,39.72371528,39.08916808,39.31395103,144187200
39.07744598,39.79160699,38.7777331,39.77521471,134551200
39.36312485,39.45444359,38.70047709,39.00955812,165573600
40.39103317,40.8031375,40.06790376,40.74225955,237594400
40.80079651,40.97406947,40.20839499,40.36059165,140105200
40.9319191,41.03494607,40.6485985,40.72118471,97446000
41.26676941,41.26676941,40.81954019,40.89681044,97638000
41.1824646,41.23397809,40.5408898,41.00216739,117930400
41.04616928,41.21301565,40.95217365,41.14956663,100582000
40.88167572,41.00622155,40.74772818,40.77122888,67928400
40.2636528,40.76653709,40.2260531,40.66313972,99130000
39.73256683,40.02395908,39.56807266,39.9417102,116632400
40.20723724,40.38817897,40.01924244,40.2260335,94550000
39.98400497,40.2753972,39.86415999,40.19314833,87598000
39.94404221,40.08033835,39.84534574,40.01688934,65049600
40.68662262,40.81821791,40.13203989,40.13203989,100525200
41.11432266,41.12372079,40.66548576,40.73833292,102355600
41.11666489,41.24121071,41.04146552,41.14721508,56106800
40.90987396,41.142518,40.73362946,41.13546851,82867200
40.6701889,41.0931729,40.38584615,40.95922893,105715200
39.82655334,40.63492863,39.28137226,40.56678234,166665600
40.38349533,40.45164163,39.58216939,40.04980255,166108800
40.19549942,40.34119374,39.59626736,39.93700603,159037200
39.90175247,40.56442988,39.86180415,40.53153105,130169600
39.86415863,40.30594602,39.57276641,39.72786244,109400800
39.7161026,39.9957444,39.11687427,39.36126502,114240000
39.78895569,40.0521463,39.69260785,39.72080581,102693200
39.80070496,40.18374413,39.67146186,40.06389917,93420800
40.57619476,40.62789345,39.66442181,39.76076969,141095200
40.34825134,40.5103969,40.29185538,40.45399735,77636800
40.48218918,40.78062729,40.41874015,40.53623649,95273600
40.47044754,40.68429178,40.33649997,40.51274451,81906000
40.88167572,40.92867354,40.52683807,40.80177907,160677200
41.45740509,41.64069908,41.09081711,41.09551797,117684400
41.01562119,41.2153664,40.9098752,41.13076889,109745600
40.97097778,41.2224181,40.71248438,41.0931714,93902400
41.1260643,41.36340918,40.9122237,40.92867133,83799600
41.1260643,41.22241215,41.00621933,41.04851629,65397600
40.08269501,40.29418694,39.87354812,40.13674231,132742000
40.08974838,40.13204534,39.88060506,39.97225206,85992800
40.20254517,40.38349052,40.06154813,40.18374532,65920800
39.76780701,40.08739717,39.76545837,40.07094955,103999600
40.47983932,40.48924104,39.77486126,39.98635683,102223600
40.47279358,41.01797839,40.40934813,40.54329211,118071600
40.66078949,40.76418686,40.43754713,40.54564177,89738400
41.12371826,41.2106644,40.66548326,40.75713026,94640000
40.97097778,41.26706729,40.8722777,40.97097778,82271200
40.96628189,41.13782557,40.75008902,41.01798058,86336000
40.95685959,40.95921181,40.65372071,40.69132038,95839600
41.18951035,41.23886038,41.00386773,41.02736485,74670800
41.61484909,41.67829811,41.27645909,41.40100491,101672400
41.40336609,42.15534204,41.39161574,41.80520161,118263600
42.08719254,42.12244,41.14017227,41.39396123,137547200
42.12479401,42.32219062,41.88745265,42.15064335,124773600
41.9367981,42.19998877,41.69005505,41.97204557,129700400
41.59370422,41.77699823,41.49970859,41.66420274,108434400
41.60310364,42.16708824,41.55140855,41.66420403,130756400
40.94041824,41.66419601,40.70072475,41.65244566,204420400
40.20959854,41.11196959,40.07330235,41.00857224,166116000
40.3035965,40.41874421,39.9628578,40.41874421,156572000
39.46938324,39.98636656,39.26023984,39.98636656,202561600
39.23671722,39.33071284,38.70328298,38.89832728,184192800
39.34482574,39.58217066,39.12628426,39.21323041,129915600
39.42707443,39.62446744,39.18738088,39.28372874,188923200
37.71632767,39.19678237,37.62233202,39.00878749,346375200
36.77401733,38.51061364,36.65886959,37.38734856,290954000
38.31085587,38.47300139,36.18887228,36.38391663,272975200
37.49072647,38.39779826,37.38028322,38.32495111,206434400
36.4591217,37.83383065,36.43092372,37.66698423,217562000
36.905056,37.25426209,35.44924037,37.06078435,282690400
38.39154434,38.66996447,37.16459768,37.3981902,243278000
38.77614212,38.87288278,38.14143408,38.21222002,130196800
39.49108505,39.53119626,38.43166824,38.46941764,162579600
40.81712723,40.84072015,39.87568231,40.06208184,204588800
40.68499374,41.2489196,40.52926896,40.66847906,160704400
40.54814148,41.1167801,40.44668078,40.59533091,135722000
40.36410904,41.08375617,40.34994897,40.77938119,149886400
40.70150375,41.04363162,40.51510425,40.53633895,123967600
41.40936279,41.44475397,40.94689767,40.97757242,135249600
42.22810745,42.32720634,41.57688466,41.60991762,152648800
42.091259,42.58439526,42.03699133,42.25878564,155712400
42.02754593,42.6174228,42.01103125,42.29652964,151128400
41.29138184,42.41922615,40.73925794,42.12664592,195208000
41.57688141,41.59811611,40.68970432,40.77228852,153816000
41.72082138,41.93789568,41.17813383,41.34094046,113605600
41.68541336,42.05821593,41.55800156,41.97799355,95154000
41.29845428,41.4919356,41.11913303,41.27721958,126814000
41.74913788,41.7916073,41.30791101,41.4046481,95096400
42.46641541,42.47113543,41.85530382,41.98979748,128740800
42.87697601,43.0350626,42.52069163,42.53956453,128828400
42.46406174,43.29696769,42.29181868,43.08225162,126774000
42.10305786,42.59383592,41.95440772,42.54664648,117473600
42.15261078,42.5277753,42.01576248,42.1172196,90975200
42.00395203,42.26349568,41.90956957,42.15259855,157618800
41.3621788,41.87419164,40.97521961,41.83880046,133787200
41.34801102,41.71609361,41.27722507,41.34801102,78597600
40.41129684,41.31262708,40.40893503,41.30082882,148219600
39.8402977,40.74398618,39.78130999,40.1116397,165963200
38.91771698,40.0927507,38.91771698,39.73174634,164115200
40.7652092,40.84307337,39.27164062,39.65624147,150164800
39.719944,41.32676785,39.3848944,40.97992,163690400
39.28107452,40.11634208,38.97669968,39.46275758,166674000
39.58782578,40.52455076,39.38018791,39.59490401,153594000
39.32827377,39.86152483,38.80682457,39.31883733,150347200
39.73175812,39.81670056,38.90357204,39.554795,121112000
40.49150848,40.58588734,38.87760621,38.90356094,138422000
40.77229309,41.10970096,40.60240825,40.72038363,107732800
39.72938919,40.69678512,39.68691618,40.34050078,140021200
40.12343979,40.84072874,40.07625034,40.08332858,116070800
40.87847137,41.05543445,40.47263576,40.81948368,113634400
40.6873436,41.03654966,40.51273876,40.63779236,89726400
41.08846664,41.29138445,40.82891936,40.91622359,91557200
41.22767639,41.48958189,41.02004217,41.23947465,100497200
41.4848671,41.57216773,41.25127453,41.29846397,86313600
42.05587006,42.22103489,41.62407968,41.64295617,106421600
41.96148682,42.19272118,41.73497608,41.95440858,83018000
40.77229309,41.38340471,40.73926013,40.99880381,139235200
39.10177231,40.39950189,39.03334455,40.25321352,261964400
38.98851776,39.38491344,38.71717214,39.36367873,146062000
38.44582367,39.24569673,38.03998801,39.08996834,134768000
38.6133461,39.03098001,38.32076942,38.37031707,113528400
38.74783325,39.1041176,38.54727367,38.72423674,111852000
38.29952621,38.77378591,37.90076888,38.69592173,142623200
38.9932251,39.46512666,38.18627385,38.2547016,169709600
39.89927673,39.92286965,38.99558485,39.26456858,214277600
41.66183853,41.94025877,41.00825374,41.34566169,266157600
41.73732376,41.88125385,41.1592452,41.49901482,136272800
43.37481689,43.47391575,42.03933509,42.05821158,224805200
43.68864441,44.28087953,43.59190373,43.69336083,169805600
43.89863968,43.93875088,43.33707572,43.64853245,113611200
44.20773315,44.2171696,43.70279869,44.01661362,92844800
44.84007645,44.91794062,44.27615433,44.29739263,111957200
44.66954041,45.01772578,44.39951946,44.88271712,104848800
44.56532288,44.89219168,44.49663489,44.76902315,83115200
44.16028976,44.3095131,43.84289744,44.2408215,94780800
44.57242966,44.63875396,44.05607524,44.07265722,76732400
44.29056549,44.74533742,44.14134215,44.5297934,69176000
44.12949371,44.48478458,44.08686054,44.33793218,73190800
44.44216537,44.8306167,44.27162542,44.52980266,73603200
44.33082199,44.73822243,44.24081382,44.61979215,60962800
44.61506271,44.64822305,43.99922371,44.13897421,80233600
44.56532288,44.72875728,44.10581632,44.71217891,92936000
44.66716766,44.9206066,44.44688545,44.58426502,69844000
44.50610733,44.7074403,44.26214119,44.43505204,90056400
44.41137695,44.52980729,44.24083698,44.46348659,74762000
44.262146,44.58427661,44.08923874,44.34504866,109931200
45.06036758,45.06510219,44.47058331,44.52743117,93770000
45.43696976,45.81357725,45.32327768,45.39196566,105064800
45.78753281,45.93675618,45.56251591,45.73068856,86264000
45.94621658,45.96990409,45.45828434,45.86331754,83734400
45.82306671,45.99834129,45.5577803,45.98413023,85388800
45.40617752,45.47723643,44.94903829,45.28064169,106627200
45.29486465,45.47014285,45.05326937,45.32329039,73234000
45.54356003,45.62172447,45.27590637,45.33275422,67644400
45.16931534,45.68567332,45.10773288,45.57671586,86553600
45.19300079,45.37538446,45.05562122,45.37064623,86440400
44.72876358,45.04142137,44.59138397,45.01062833,246876800
44.70506668,44.81875875,44.34029937,44.50136644,73939600
43.98264313,44.13423376,43.45207411,43.85236908,134314000
44.17449951,44.3403012,43.99211585,44.13897187,82514800
43.92816925,44.61269625,43.80500072,44.35214814,102847600
43.80025482,44.0915923,43.74814521,44.08448677,108801600
43.14890671,43.80027353,42.80782677,43.44024431,126652400
43.6842041,44.18161287,43.23653766,43.34312783,98276800
43.62024307,44.35924689,43.58945004,43.873682,101141200
43.93764496,44.10581759,43.53498263,43.60604154,69460800
43.84528351,44.33795419,43.3241907,44.12477739,90950800
44.33556366,44.36398939,43.44496914,43.53971554,70925200
43.56340408,44.51795208,43.47339589,44.48005351,55819200
43.91395187,44.15318338,43.64866917,43.88079154,66416800
44.52268982,44.63164368,43.86658491,43.91869453,69940800
45.14090347,45.16458737,44.83772213,44.88509354,79026400
45.08642197,45.30670062,45.04615248,45.17169194,63756400
44.50138474,44.95141857,44.43743134,44.6482372,75326000
45.2474823,45.33749049,44.84008176,44.89219138,72164400
45.31853485,45.43933244,45.21668292,45.25931971,50055600
45.21906662,45.63120183,45.1030036,45.36355176,60172400
45.34696579,45.44644682,44.81402939,44.94430345,62138000
45.09825897,45.429866,44.9869342,45.42512777,65573600
45.44882584,45.60752205,44.9301004,44.9301004,81147200
45.34459305,45.57908272,45.04377908,45.42512478,82704800
45.38487244,45.46777512,44.89930735,45.16459014,63957600
45.7141037,45.87043259,45.48908681,45.58382962,74791600
46.14519119,46.15229672,45.5790908,45.72831416,66839600
46.0007019,46.41520798,45.85858409,46.09544471,76304000
45.23564148,46.23282631,45.02720659,46.18545491,96096000
44.98220825,45.52461757,44.78324617,45.45355865,84118000
45.07219696,45.51039047,44.84718014,45.07456788,157492000
47.72741318,47.78899564,46.73496664,47.16605469,271742800
49.12252808,49.35702141,47.45503076,47.50950769,249616000
49.26464462,49.4422901,48.67012212,49.03725682,133789600
49.52045059,49.56308377,49.04672936,49.267008,101701600
49.05620193,49.62229866,48.97329927,49.57966548,102349600
49.08936691,49.22200829,48.44273839,48.80513487,90102000
49.47544479,49.68861789,49.07751709,49.62940274,93970400
49.32808685,49.70126402,49.12367214,49.28767976,98444800
49.646595,50.14099348,49.36849654,49.75117978,103563600
49.85575485,50.04828424,49.50159348,49.95320916,82992000
49.97222137,50.09106703,49.51823011,49.72977523,115230400
50.704319,50.82078544,50.26458857,50.33114185,114001600
51.71687698,51.80482161,50.6662818,50.73283508,141708000
51.21298218,52.0971907,51.12978875,51.84048722,121150800
51.11314774,51.62418633,50.87308077,51.53148684,104639200
51.11551666,51.4268917,50.82790858,50.88971064,76072400
51.22008896,51.59088673,51.00854389,51.02042555,75532800
51.37935638,51.55524564,51.12977977,51.48394114,73905600
51.80245209,51.99260589,51.41976888,51.61467389,82100400
52.22078323,52.42044308,52.03538429,52.05677564,91107200
53.00040817,53.12163306,52.15185207,52.32774132,109019200
53.48767853,54.25542049,52.86254918,53.06458826,195175200
54.10567856,54.40041349,53.71824053,53.8394618,173360400
54.27919006,54.47409506,53.86798509,54.29107535,109560400
53.92502213,54.59055847,53.50431115,54.42893013,133332000
53.02892303,54.03911092,52.60107803,53.77289423,137160000
52.60109711,53.56849903,52.46086008,52.73182808,150479200
51.89515686,52.73183149,51.45305077,52.51790708,158066000
53.2071991,53.31415946,51.47442748,51.81907914,142996000
52.54641724,53.4805423,52.25405433,53.4662814,197114800
53.81569672,54.27681849,52.90296285,53.12876889,166825600
53.20481873,53.91789261,52.8910681,53.65880997,127997200
51.7881813,52.9932743,51.64318947,52.80312054,148780400
51.87376022,52.73182612,51.60754345,51.76679622,126286800
51.90464783,52.20176195,51.17493742,51.93554886,108495200
52.29922104,52.83402651,52.09005152,52.34913781,106435200
51.73589706,52.61535428,51.6479488,52.47749287,384986800
52.47985077,52.59156595,51.4910579,51.53621982,110773600
52.8126297,52.96237638,52.22077707,52.23266236,98217600
52.391922,53.18343455,52.23504485,52.5297834,95938800
53.46866226,53.82282364,53.13351663,53.20007353,120724800
53.65643311,53.68020006,53.2476038,53.43062348,91717600
54.01773071,54.53114486,53.80143436,54.18173831,94403200
54.49786758,54.66900563,53.86798701,54.01535448,99152800
55.16102219,55.49378856,54.61670707,54.68088474,114619200
54.19124603,55.22758035,53.89175264,54.85440323,128168000
53.31177521,54.29106574,52.4299426,54.18410539,134322000
53.18819427,53.43301607,52.33963442,52.81739635,118655600
53.92502213,54.02010082,52.82688952,53.15728027,107564000
51.4268837,53.80142081,51.35319998,53.58987572,167962400
50.97289658,52.17323832,50.46661659,50.98953671,212497600
52.79363251,52.97665589,51.54099792,52.3919335,161351600
51.66458511,52.7270656,51.64319377,52.56781285,123164000
52.80312729,53.00279076,51.52197117,52.03776092,116736000
52.57494354,52.91959523,52.13521315,52.83878105,91541600
51.34606934,52.23028115,50.62824068,51.7834204,130325200
52.12807465,52.59157192,51.68121387,51.83096054,132314800
52.44658279,53.0907278,52.04013271,52.24216814,115168400
52.94099426,53.06459478,51.03233298,51.30092537,155071200
51.1250267,53.29752529,50.99429575,52.91009089,163702000
52.24454498,52.62009765,51.51958584,51.74777107,119423200
51.4126358,52.33725494,50.54981511,51.31755709,189033600
50.44761658,52.21841652,48.98581251,52.09957084,183742000
50.69955444,51.14641162,49.74165881,50.18851598,146640000
52.02111816,52.39904646,51.48868835,51.5504904,153435600
52.81975555,52.85303219,51.53384488,52.06627465,233292800
49.31619644,50.78275152,48.82892849,49.80821924,365314800
47.91618729,48.58172364,47.10328349,48.56033229,264654800
48.4343605,48.66016653,47.93996213,47.99463012,127531600
49.90328598,49.92943217,48.51992455,48.95727565,133697600
49.72917557,50.11796178,49.31414829,50.08456903,101450400
48.77032089,49.13764112,48.24080472,49.02792365,137463200
46.31356049,47.66835986,46.22292146,47.46561582,204542000
45.85083008,47.03150674,45.66478424,45.70771985,187531600
44.55565643,46.38749321,44.348141,46.2491508,243204000
45.65523911,45.78881009,44.57950863,44.93490571,185915200
46.16090393,46.50437427,45.19012672,45.43818661,147713200
44.3314476,45.48588666,44.1239358,45.31892293,167701200
42.21338654,43.28434564,41.86276086,42.54493012,271300800
42.16569138,42.99812997,42.11083263,42.86932675,124496800
41.09473038,42.12275767,41.0494145,41.72681242,94496000
41.65047073,41.72918298,40.61052065,41.55983537,179994000
41.55984116,41.68625681,40.75841159,40.90867713,165549600
43.15792847,43.24140851,41.72441698,42.15375489,184250000
42.8263855,43.60157765,42.38512082,43.5681849,167080000
42.59501648,43.0124276,42.22530876,43.00288474,158126000
44.08338547,44.11200678,43.22232583,43.99751789,163210000
42.14421082,43.50377768,42.04403259,43.16030739,165377200
41.67433548,41.68864614,40.64869578,40.96831263,172393600
40.18834686,41.61947081,40.14302736,41.38095015,169126400
40.45310211,40.5699749,38.95757668,39.35590571,248104000
40.22175217,40.97547491,39.83296221,40.94446969,189126800
40.33383942,41.00646569,40.31475733,40.64391332,142510800
40.77510834,41.1615143,40.44118085,40.66539087,127594400
39.47039795,40.32907378,39.42269454,40.30999169,162814800
39.10307693,40.1549539,38.81446534,39.46324182,177151600
39.61112213,39.95936021,39.21040559,39.44654232,135366000
38.37559128,39.94028632,37.94625333,39.59443207,196189200
37.4071846,38.66657303,37.04224839,38.25870122,259092000
35.95222092,37.72443145,35.68985035,37.41435384,382978400
35.02198792,36.14780569,34.96474165,35.33683328,148676800
37.48829651,37.50260717,34.99575602,35.37261915,234330000
37.24500275,37.39288804,35.79480021,37.17106192,212468400
37.26409149,37.81030598,36.86337842,37.56701383,169165600
