Date,polarity
2018-12-30,0.2915583333333333
2018-12-29,-0.05963749999999999
2018-12-28,0.36494375
2018-12-26,0.15012222222222224
2018-12-27,0.12076000000000002
2018-12-25,0.04526
2018-12-24,-0.03695454545454546
2018-12-23,0.40134
2018-12-21,0.31779999999999997
2018-12-20,0.15058
2018-12-19,0.18324000000000001
2018-12-18,0.37129999999999996
2018-12-17,0.17297272727272728
2018-12-16,0.4608833333333333
2018-12-15,-0.35445
2018-12-14,-0.17861666666666667
2018-12-13,0.11685000000000001
2018-12-12,0.10248750000000001
2018-12-11,0.36035
2018-12-10,-0.07891428571428571
2018-12-09,0.11575
2018-12-08,-0.23091999999999996
2018-12-07,-0.01364000000000003
2018-12-06,-0.2802
2018-12-05,0.2967666666666667
2018-12-04,0.2432769230769231
2018-12-03,-0.017038095238095238
2018-12-02,-0.0040999999999999925
2018-12-01,0.18315000000000003
2018-11-30,0.23013750000000002
2018-11-29,0.6013666666666666
2018-11-28,0.1731705882352941
2018-11-27,0.4324
2018-11-26,0.212505
2018-11-23,-0.09169999999999999
2018-11-22,0.6275333333333334
2018-11-21,-0.07899999999999999
2018-11-20,-0.05326842105263157
2018-11-19,0.030829166666666668
2018-11-17,-0.17
2018-11-16,0.28331818181818186
2018-11-15,0.13004166666666667
2018-11-14,0.08724642857142857
2018-11-13,0.07945
2018-11-12,0.4638
2018-11-11,0.3612
2018-11-10,0.0670125
2018-11-09,0.09079999999999999
2018-11-08,0.341725
2018-11-07,0.08895
2018-11-06,0.0903
2018-11-05,0.32449230769230764
2018-11-04,0.2916666666666667
2018-11-03,0.0
2018-11-02,0.158365
2018-11-01,0.044438297872340424
2018-10-31,0.1657818181818182
2018-10-30,0.08502857142857143
2018-10-29,-0.06755714285714286
2018-10-28,0.12040000000000001
2018-10-27,0.11613750000000002
2018-10-26,0.26463000000000003
2018-10-25,-0.10499
2018-10-24,0.12856
2018-10-23,0.15011666666666665
2018-10-22,0.24485
2018-10-21,0.04235
2018-10-20,0.23819999999999997
2018-10-19,-0.05331538461538462
2018-10-18,0.7490399999999999
2018-10-17,0.5521428571428572
2018-10-16,0.2220375
2018-10-15,0.086825
2018-10-14,0.2787
2018-10-13,0.0
2018-10-12,0.10993636363636362
2018-10-11,0.23941999999999997
2018-10-10,0.12136875
2018-10-09,0.18153333333333332
2018-10-08,0.4419
2018-10-07,0.487
2018-10-06,0.1858
2018-10-05,0.27155555555555555
2018-10-04,0.17304545454545453
2018-10-03,0.38610833333333333
2018-10-02,0.12752727272727274
2018-10-01,0.34908333333333336
2018-09-30,0.5912333333333333
2018-09-29,0.0
2018-09-28,0.22920000000000004
2018-09-27,0.24739
2018-09-26,0.12784
2018-09-25,0.23082500000000003
2018-09-24,0.30144000000000004
2018-09-23,-0.008849999999999997
2018-09-22,-0.03816666666666668
2018-09-21,0.35236666666666666
2018-09-20,0.16427777777777777
2018-09-19,0.4424454545454546
2018-09-18,-0.04503636363636363
2018-09-17,-0.17182
2018-09-16,0.20046666666666668
2018-09-15,-0.19023333333333334
2018-09-14,0.2738230769230769
2018-09-13,0.23401538461538463
2018-09-12,0.08324482758620691
2018-09-11,0.29185
2018-09-10,0.1336222222222222
2018-09-09,0.16705
2018-09-08,0.2873
2018-09-07,0.23700000000000004
2018-09-06,0.3729428571428572
2018-09-05,0.39299
2018-09-04,0.2701
2018-09-03,-0.024125000000000004
2018-09-02,0.06032
2018-09-01,0.05236666666666664
2018-08-31,0.28913750000000005
2018-08-30,0.08127368421052633
2018-08-29,-0.15732
2018-08-28,0.07906666666666667
2018-08-27,0.3776333333333333
2018-08-26,0.33002000000000004
2018-08-25,0.39837500000000003
2018-08-24,0.02409999999999999
2018-08-23,0.18281999999999998
2018-08-22,0.33340000000000003
2018-08-21,0.343
2018-08-20,-0.031787499999999996
2018-08-19,0.14648333333333333
2018-08-18,-0.3391
2018-08-17,-0.02956428571428572
2018-08-16,0.29122
2018-08-15,0.17415
2018-08-14,0.19553333333333334
2018-08-13,0.45272000000000007
2018-08-12,0.1998
2018-08-11,0.2306
2018-08-10,0.06506
2018-08-09,0.35885
2018-08-08,0.24808333333333332
2018-08-07,0.15647272727272726
2018-08-06,0.17556666666666668
2018-08-04,0.26932
2018-08-03,0.17722142857142856
2018-08-02,0.21200612244897957
2018-08-01,0.25103939393939395
2018-07-31,0.05747333333333334
2018-07-30,0.36125999999999997
2018-07-29,0.7506
2018-07-28,0.28515
2018-07-27,0.18520000000000003
2018-07-26,0.05181818181818183
2018-07-25,0.2083
2018-07-24,0.296
2018-07-21,0.3612
2018-07-20,0.48813333333333336
2018-07-19,0.19584
2018-07-18,0.3584
2018-07-15,0.8065
2018-07-14,0.1992
2018-07-13,0.28165
2018-07-12,-0.06987142857142857
2018-07-11,0.0031833333333333345
2018-07-10,0.2956142857142857
2018-07-09,0.58924
2018-07-06,0.34663636363636363
2018-07-05,0.19169999999999998
2018-07-04,0.2359
2018-07-02,-0.13705
2018-06-29,0.07955999999999999
2018-06-28,0.07301666666666667
2018-06-27,0.15689999999999998
2018-06-26,-0.14152857142857142
2018-06-25,0.18243
2018-06-24,0.2423
2018-06-23,-0.02555
2018-06-22,0.004420000000000002
2018-06-21,0.052257142857142856
2018-06-20,0.3855222222222222
2018-06-19,-0.09069166666666668
2018-06-18,0.009850000000000008
2018-06-17,0.7245
2018-06-15,0.22136
2018-06-14,0.2594666666666667
2018-06-13,0.36185
2018-06-12,0.0
2018-06-11,0.0
2018-06-09,0.0
2018-06-08,-0.20476666666666665
2018-06-07,0.0
2018-06-06,0.2111444444444444
2018-06-05,0.32551
2018-06-04,0.2218181818181818
2018-06-03,0.37483333333333335
2018-06-02,0.2263
2018-06-01,0.17663846153846158
2018-05-31,0.05930000000000002
2018-05-30,0.020700000000000014
2018-05-29,0.34
2018-05-28,0.3818
2018-05-25,0.4360625
2018-05-24,0.05806249999999996
2018-05-23,0.17631428571428573
2018-05-22,0.1618375
2018-05-21,-0.023400000000000004
2018-05-20,-0.24695
2018-05-19,0.46656666666666674
2018-05-18,-0.042700000000000016
2018-05-17,0.365275
2018-05-16,0.31029999999999996
2018-05-14,0.0
2018-05-11,0.2007
2018-05-10,0.07315555555555556
2018-05-09,-0.05453333333333334
2018-05-08,0.22116666666666665
2018-05-07,0.10808999999999999
2018-05-06,0.065925
2018-05-05,0.3759666666666666
2018-05-04,0.3354115384615384
2018-05-03,0.1211625
2018-05-02,0.04608695652173913
2018-05-01,0.22859615384615387
2018-04-30,0.2853
2018-04-29,0.0
2018-04-28,0.085
2018-04-27,0.17
2018-04-26,0.16995999999999997
2018-04-25,0.3456111111111111
2018-04-24,0.15727499999999997
2018-04-23,-0.13802499999999995
2018-04-22,0.4561333333333333
2018-04-21,0.4037
2018-04-20,-0.02449375
2018-04-19,0.0172
2018-04-18,0.3182
2018-04-17,0.37191
2018-04-16,0.417
2018-04-13,0.131975
2018-04-12,-0.21670000000000003
2018-04-11,0.104375
2018-04-10,0.46318333333333334
2018-04-09,0.09106666666666667
2018-04-08,0.1779
2018-04-07,0.0920333333333333
2018-04-06,0.00012727272727274541
2018-04-05,0.26675000000000004
2018-04-04,-0.21623333333333336
2018-04-03,0.30226
2018-04-02,-0.19514166666666663
2018-04-01,0.0
2018-03-31,0.25
2018-03-27,0.0658857142857143
2018-03-26,0.44913333333333333
2018-03-25,0.0
2018-03-24,0.09083333333333336
2018-03-23,0.047000000000000014
2018-03-22,-0.03513750000000001
2018-03-21,0.10764444444444443
2018-03-20,0.12405000000000001
2018-03-19,0.0
2018-03-18,0.6249
2018-03-16,0.38182857142857146
2018-03-15,0.11078333333333333
2018-03-14,-0.06944999999999998
2018-03-13,-0.6369
2018-03-12,0.2824
2018-03-11,0.2239
2018-03-10,0.2248
2018-03-09,0.3548428571428572
2018-03-08,0.0
2018-03-06,0.20171249999999996
2018-03-05,0.11929999999999999
2018-03-04,0.08977999999999998
2018-03-03,0.4517
2018-03-02,0.1433625
2018-03-01,-0.09534000000000001
2018-02-28,0.2812571428571428
2018-02-27,0.3100928571428571
2018-02-26,0.18989166666666665
2018-02-25,0.399725
2018-02-24,0.19992500000000002
2018-02-23,-0.051949999999999996
2018-02-22,0.26718181818181813
2018-02-21,0.29857500000000003
2018-02-20,0.0
2018-02-19,-0.44526666666666664
2018-02-18,0.29616666666666663
2018-02-17,0.51115
2018-02-16,-0.005133333333333341
2018-02-15,0.24423846153846154
2018-02-14,0.22545
2018-02-13,0.2647125
2018-02-12,0.13845384615384615
2018-02-11,0.2548375
2018-02-10,0.11888888888888888
2018-02-09,0.0
2018-02-08,0.2556076923076923
2018-02-07,0.13249999999999998
2018-02-06,0.2847153846153846
2018-02-05,-0.13167777777777778
2018-02-04,0.18964
2018-02-03,-0.53115
2018-02-02,0.14396363636363638
2018-02-01,0.10291999999999998
2018-01-31,0.11364545454545456
2018-01-30,-0.19424999999999998
2018-01-29,0.08484210526315789
2018-01-28,-0.02704999999999999
2018-01-27,0.1798777777777778
2018-01-26,-0.010899999999999996
2018-01-25,-0.016519999999999993
2018-01-24,0.1686
2018-01-23,0.13815
2018-01-22,0.07889999999999998
2018-01-20,-0.011850000000000027
2018-01-19,-0.14965
2018-01-18,-0.014380000000000004
2018-01-17,-0.13562857142857143
2018-01-16,0.02319000000000001
2018-01-15,0.27294999999999997
2018-01-14,0.6478
2018-01-13,0.28625
2018-01-12,0.28101428571428566
2018-01-11,0.0
2018-01-10,0.108425
2018-01-09,0.18953076923076922
2018-01-08,0.031781818181818175
2018-01-07,-0.6419
2018-01-06,0.0
2018-01-05,0.0
2018-01-04,0.3045166666666667
2018-01-03,0.3759666666666667
2018-01-02,0.0
2018-01-01,0.0
2017-12-31,0.3523714285714285
2017-12-30,0.16008
2017-12-29,0.43528
2017-12-28,0.0
2017-12-26,-0.34516470588235293
2017-12-25,0.4588
2017-12-24,0.6597
2017-12-22,0.13826
2017-12-21,-0.052875
2017-12-20,0.06843333333333333
2017-12-19,-0.02245
2017-12-18,0.3007857142857143
2017-12-17,0.3119
2017-12-15,0.20692142857142856
2017-12-14,0.26815
2017-12-13,0.29369999999999996
2017-12-12,0.3674454545454546
2017-12-11,0.11532105263157895
2017-12-10,0.47626666666666667
2017-12-09,0.3057
2017-12-08,0.21976
2017-12-07,0.3070625
2017-12-06,-0.148525
2017-12-05,0.33301111111111115
2017-12-04,0.17872000000000002
2017-12-03,0.0
2017-12-02,0.54145
2017-12-01,0.048944444444444436
2017-11-30,0.044909090909090905
2017-11-29,-0.11264166666666665
2017-11-28,0.26248333333333335
2017-11-27,0.1973818181818182
2017-11-26,0.0
2017-11-25,0.31910000000000005
2017-11-24,-0.08886000000000002
2017-11-23,-0.05135
2017-11-22,0.4135
2017-11-21,0.45801
2017-11-20,0.2300375
2017-11-19,0.26343333333333335
2017-11-18,-0.08895
2017-11-17,0.2186181818181818
2017-11-16,0.34748
2017-11-15,0.25604375
2017-11-14,0.19535999999999998
2017-11-13,0.37020000000000003
2017-11-12,0.3936285714285715
2017-11-11,0.24443333333333336
2017-11-10,0.123475
2017-11-09,0.09766666666666667
2017-11-08,0.19166153846153847
2017-11-07,0.2817571428571429
2017-11-06,0.1291857142857143
2017-11-05,0.17766666666666664
2017-11-04,0.4316
2017-11-03,0.26205
2017-11-02,0.17694000000000001
2017-11-01,0.14257333333333336
2017-10-31,0.20595714285714287
2017-10-30,0.021255555555555555
2017-10-29,0.50615
2017-10-28,0.0
2017-10-27,0.1641238095238095
2017-10-26,0.025909090909090896
2017-10-25,0.12510000000000002
2017-10-24,0.0
2017-10-23,0.24085555555555554
2017-10-22,0.29085
2017-10-21,-0.0791
2017-10-20,0.1806
2017-10-19,-0.2252888888888889
2017-10-18,0.39135
2017-10-16,0.43093750000000003
2017-10-15,0.429
2017-10-14,-0.0258
2017-10-13,0.12734999999999996
2017-10-12,0.014350000000000007
2017-10-11,0.11091428571428572
2017-10-10,-0.06396250000000002
2017-10-09,0.04046
2017-10-08,0.2132
2017-10-07,0.3400666666666667
2017-10-06,0.05638000000000002
2017-10-05,-0.2985333333333333
2017-10-04,0.031273333333333334
2017-10-03,0.19834285714285718
2017-10-02,0.05124615384615384
2017-10-01,0.5511799999999999
2017-09-30,0.4192
2017-09-29,0.31505714285714287
2017-09-28,0.08373749999999999
2017-09-27,0.17745
2017-09-26,0.09753
2017-09-25,0.09482
2017-09-24,0.4767
2017-09-23,0.2427
2017-09-22,0.13572777777777778
2017-09-21,0.04042173913043478
2017-09-20,0.015523809523809521
2017-09-19,0.0501
2017-09-18,0.0
2017-09-17,0.2313111111111111
2017-09-16,0.33888
2017-09-15,-0.10357142857142856
2017-09-14,0.11252307692307693
2017-09-13,0.030769565217391305
2017-09-12,0.07835121951219512
2017-09-11,0.30046875
2017-09-10,0.07356666666666666
2017-09-09,0.0
2017-09-08,0.213425
2017-09-07,0.09942000000000002
2017-09-06,0.17438333333333333
2017-09-05,0.19179
2017-09-04,0.3818
2017-09-03,0.42257142857142854
2017-09-02,0.24762499999999998
2017-09-01,0.1493
2017-08-31,0.16151
2017-08-30,0.17960666666666666
2017-08-29,0.22744761904761904
2017-08-28,0.31038
2017-08-27,0.07689999999999998
2017-08-25,0.1611
2017-08-24,0.4456428571428572
2017-08-23,0.0
2017-08-22,0.17353333333333334
2017-08-21,0.3206333333333333
2017-08-20,0.22274999999999998
2017-08-18,0.2883181818181818
2017-08-17,0.008875000000000003
2017-08-16,0.1862375
2017-08-15,-0.010729999999999995
2017-08-14,-0.07022857142857143
2017-08-13,-0.1892
2017-08-12,0.1414
2017-08-11,0.25056428571428574
2017-08-10,0.10044444444444443
2017-08-09,0.23086923076923077
2017-08-08,0.043533333333333334
2017-08-07,0.09386
2017-08-06,0.26216666666666666
2017-08-05,0.34
2017-08-04,0.11713333333333333
2017-08-03,0.1779
2017-08-02,0.1909655172413793
2017-08-01,0.1514926829268293
2017-07-31,0.11988571428571429
2017-07-30,0.08895
2017-07-29,0.1806
2017-07-28,0.0639923076923077
2017-07-27,0.0
2017-07-26,0.03719166666666667
2017-07-25,0.190775
2017-07-24,0.056050000000000016
2017-07-23,0.4404
2017-07-22,0.34
2017-07-21,0.05142
2017-07-20,0.1436111111111111
2017-07-19,0.34665999999999997
2017-07-18,-0.10913999999999999
2017-07-17,0.33599
2017-07-16,0.5574
2017-07-15,0.21989999999999998
2017-07-14,0.03911999999999999
2017-07-13,0.0957875
2017-07-12,0.07884166666666666
2017-07-11,0.16654
2017-07-10,0.04293333333333336
2017-07-09,0.7396333333333334
2017-07-06,0.11036666666666667
2017-07-05,0.26335
2017-07-04,0.09508888888888889
2017-07-03,-0.14835
2017-07-02,0.0
2017-07-01,0.06536666666666664
2017-06-30,0.3404
2017-06-29,0.0252875
2017-06-27,0.18356363636363635
2017-06-26,-0.06568571428571428
2017-06-25,0.2202
2017-06-24,0.0
2017-06-23,0.11559
2017-06-22,0.303325
2017-06-21,0.0837
2017-06-20,0.10128
2017-06-19,0.15916363636363637
2017-06-18,0.36345
2017-06-17,0.0
2017-06-15,0.13238461538461538
2017-06-14,0.18876666666666667
2017-06-13,0.1820230769230769
2017-06-12,0.17919000000000002
2017-06-11,0.23646000000000003
2017-06-10,-0.16605
2017-06-09,-0.04462857142857143
2017-06-07,0.0
2017-06-06,0.1659571428571429
2017-06-05,0.22402666666666668
2017-06-04,0.2981500000000001
2017-06-03,0.04679999999999998
2017-06-02,0.30848333333333333
2017-06-01,0.17263333333333333
2017-05-29,0.18731666666666666
2017-05-28,0.39185000000000003
2017-05-27,0.27305
2017-05-26,0.1214
2017-05-24,-0.6597
2017-05-23,0.10300000000000001
2017-05-22,0.20765000000000003
2017-05-21,0.31115714285714285
2017-05-20,-0.13557142857142856
2017-05-19,0.17296666666666669
2017-05-18,0.1531
2017-05-17,0.23954285714285714
2017-05-16,0.1751888888888889
2017-05-15,0.3573
2017-05-14,0.0
2017-05-13,0.027559999999999994
2017-05-12,0.28973125
2017-05-11,0.17544166666666663
2017-05-10,-0.06686666666666667
2017-05-09,0.19490000000000002
2017-05-08,0.01304444444444445
2017-05-07,0.17498
2017-05-06,0.0667222222222222
2017-05-05,0.0
2017-05-03,0.10072999999999999
2017-05-02,0.1164774193548387
2017-05-01,0.41782
2017-04-30,0.36345
2017-04-29,0.0
2017-04-28,0.10286153846153848
2017-04-27,0.0
2017-04-26,0.0
2017-04-25,0.25875000000000004
2017-04-24,0.15166666666666664
2017-04-22,0.012650000000000002
2017-04-21,0.11572500000000001
2017-04-20,0.11422000000000002
2017-04-19,-0.2202
2017-04-18,0.03631666666666666
2017-04-17,0.13707777777777777
2017-04-16,0.0
2017-04-15,-0.0258
2017-04-14,0.11333333333333334
2017-04-13,0.10115
2017-04-12,0.214725
2017-04-11,0.12213333333333333
2017-04-10,0.0
2017-04-09,0.31845
2017-04-08,0.074
2017-04-07,0.20581666666666668
2017-04-06,-0.08322
2017-04-05,0.159225
2017-04-04,-0.7783
2017-04-03,0.2294
2017-04-02,0.7414000000000001
2017-04-01,0.09512499999999999
2017-03-31,0.38430000000000003
2017-03-30,0.1779
2017-03-29,0.178525
2017-03-28,0.16795833333333332
2017-03-27,0.10115
2017-03-25,-0.6486
2017-03-24,-0.14195000000000002
2017-03-23,0.27638571428571435
2017-03-22,0.27423333333333333
2017-03-21,0.28315
2017-03-20,0.20365555555555556
2017-03-19,-0.2003
2017-03-18,0.20590000000000006
2017-03-17,0.0
2017-03-16,0.042020000000000016
2017-03-15,0.23152222222222227
2017-03-14,0.298925
2017-03-13,0.135575
2017-03-12,0.13935
2017-03-11,0.44415
2017-03-10,0.1408
2017-03-09,0.16341999999999998
2017-03-08,0.35600000000000004
2017-03-07,-0.2225
2017-03-06,0.17216666666666666
2017-03-05,0.21230000000000002
2017-03-04,0.4199
2017-03-03,0.14350000000000002
2017-03-02,0.15860000000000002
2017-03-01,0.0
2017-02-28,0.1197
2017-02-27,0.22746666666666668
2017-02-26,0.5267
2017-02-24,0.332275
2017-02-23,0.3449
2017-02-22,0.18684285714285714
2017-02-21,0.040119999999999996
2017-02-20,0.07833333333333335
2017-02-19,0.159225
2017-02-18,0.3243
2017-02-17,0.18656666666666666
2017-02-16,0.3317
2017-02-15,0.18033125
2017-02-14,-0.10318571428571428
2017-02-13,0.14764999999999998
2017-02-12,0.0
2017-02-11,0.29295
2017-02-10,-0.0343875
2017-02-09,0.36466000000000004
2017-02-08,0.6369
2017-02-07,0.11273636363636363
2017-02-06,0.20700000000000002
2017-02-05,0.1806
2017-02-04,-0.3595
2017-02-03,0.010399999999999993
2017-02-02,0.23142999999999997
2017-02-01,0.10138399999999999
2017-01-31,0.162
2017-01-30,0.08574999999999999
2017-01-29,0.18317999999999998
2017-01-28,0.16680000000000003
2017-01-27,0.10115
2017-01-26,0.0
2017-01-25,0.48044999999999993
2017-01-24,0.26896153846153853
2017-01-23,0.7003
2017-01-22,0.28595
2017-01-21,0.4804833333333333
2017-01-20,0.33329
2017-01-19,0.1858
2017-01-17,0.17708000000000002
2017-01-16,0.20007999999999998
2017-01-15,0.21619999999999998
2017-01-14,0.196125
2017-01-13,0.17
2017-01-12,0.0258
2017-01-11,0.13172307692307694
2017-01-10,0.13948333333333335
2017-01-09,0.23217000000000004
2017-01-08,-0.20095
2017-01-07,-0.6908
2017-01-06,-0.017062500000000022
2017-01-05,0.09054999999999999
2017-01-04,0.10135
2017-01-03,0.15265
2017-01-02,0.0045857142857143
2017-01-01,0.20095
2016-12-31,0.4101
2016-12-30,0.3352833333333333
2016-12-29,0.0
2016-12-28,0.46295
2016-12-27,0.1209625
2016-12-26,0.34
2016-12-25,0.5574
2016-12-24,0.0
2016-12-23,-0.7184
2016-12-22,0.32155000000000006
2016-12-21,-0.22374999999999998
2016-12-20,0.0575
2016-12-19,0.26280000000000003
2016-12-18,0.17
2016-12-17,0.0
2016-12-16,0.0
2016-12-15,0.3653857142857143
2016-12-14,0.0811125
2016-12-13,-0.16536666666666666
2016-12-12,0.18212857142857142
2016-12-11,0.3697166666666667
2016-12-10,0.20947500000000002
2016-12-09,0.30963333333333337
2016-12-08,0.11896363636363637
2016-12-07,0.1491571428571429
2016-12-06,0.3548
2016-12-05,0.14036363636363636
2016-12-04,0.20095
2016-12-03,0.02364999999999999
2016-12-02,0.2202
2016-12-01,0.2698
2016-11-30,0.3025111111111111
2016-11-29,0.21565555555555557
2016-11-28,0.25237777777777776
2016-11-27,0.09129999999999999
2016-11-26,0.20220000000000002
2016-11-25,0.4967
2016-11-20,0.0929
2016-11-19,0.34
2016-11-18,-0.037959999999999994
2016-11-17,0.10953333333333333
2016-11-16,0.15750000000000003
2016-11-15,0.03571428571428571
2016-11-14,0.28247500000000003
2016-11-13,0.4019
2016-11-11,0.443
2016-11-10,0.09796428571428573
2016-11-09,0.38105
2016-11-08,0.20095
2016-11-07,0.04839999999999999
2016-11-06,0.30963333333333337
2016-11-05,0.09895000000000001
2016-11-03,0.16838999999999998
2016-11-02,0.34567777777777775
2016-11-01,-0.10999999999999997
2016-10-31,0.11669999999999997
2016-10-27,0.01515625
2016-10-26,0.1020590909090909
2016-10-25,0.07414473684210526
2016-10-24,0.14826
2016-10-23,0.0
2016-10-22,-0.01584
2016-10-21,-0.09717777777777778
2016-10-20,0.11552500000000002
2016-10-19,0.2787
2016-10-18,-0.13512
2016-10-17,0.13515000000000002
2016-10-16,0.0593
2016-10-15,-0.17773333333333333
2016-10-14,0.23810000000000003
2016-10-13,0.25255
2016-10-12,0.3049727272727273
2016-10-11,0.03731874999999999
2016-10-10,-0.1389166666666667
2016-10-08,-0.043083333333333314
2016-10-07,0.29486666666666667
2016-10-06,0.20776
2016-10-05,0.4019
2016-10-04,0.0
2016-10-03,0.0
2016-10-01,0.21407499999999996
2016-09-30,0.22661111111111115
2016-09-29,-0.02200000000000002
2016-09-28,0.06364
2016-09-27,0.01935
2016-09-26,0.008600000000000007
2016-09-25,0.07610000000000001
2016-09-24,0.0
2016-09-23,-0.1368
2016-09-22,0.22753
2016-09-21,-0.021733333333333344
2016-09-20,0.30712
2016-09-19,0.041824999999999994
2016-09-18,0.44016
2016-09-17,0.244725
2016-09-16,0.05801999999999999
2016-09-15,0.21898947368421054
2016-09-14,0.15319500000000003
2016-09-13,0.15718
2016-09-12,0.27385000000000004
2016-09-11,0.240075
2016-09-10,-0.14178571428571426
2016-09-09,0.05655714285714286
2016-09-08,0.0858
2016-09-07,0.14014193548387097
2016-09-06,0.16556666666666667
2016-09-05,0.5719
2016-09-04,0.1656875
2016-09-03,0.16463333333333333
2016-09-02,0.12214
2016-09-01,0.19224166666666664
2016-08-31,0.15885714285714286
2016-08-30,0.06456190476190476
2016-08-29,0.2603666666666667
2016-08-28,0.43023999999999996
2016-08-27,0.03947500000000001
2016-08-26,0.07208571428571428
2016-08-25,0.39956
2016-08-24,0.1875625
2016-08-23,0.1338
2016-08-22,-0.1027
2016-08-19,0.021099999999999987
2016-08-18,0.32256666666666667
2016-08-17,0.19797777777777778
2016-08-16,0.17
2016-08-15,0.22382999999999997
2016-08-13,0.42827499999999996
2016-08-12,0.2279888888888889
2016-08-11,-0.17556666666666665
2016-08-09,0.3575714285714286
2016-08-08,0.3516375
2016-08-07,-0.025675
2016-08-06,0.223875
2016-08-05,0.1730875
2016-08-04,0.43561428571428573
2016-08-03,0.31895
2016-08-02,0.28975999999999996
2016-08-01,0.20315454545454548
2016-07-31,-0.3818
2016-07-30,0.0
2016-07-29,0.17776363636363637
2016-07-28,0.28783333333333333
2016-07-27,0.13301333333333334
2016-07-26,0.17502619047619047
2016-07-25,0.07105
2016-07-24,0.0
2016-07-23,-0.06996666666666668
2016-07-22,0.306325
2016-07-21,0.143925
2016-07-20,-0.005699999999999997
2016-07-19,0.0
2016-07-18,0.1646375
2016-07-17,0.2023
2016-07-16,0.016842857142857152
2016-07-15,0.0
2016-07-14,0.16466666666666666
2016-07-13,-0.0172
2016-07-12,0.047162499999999996
2016-07-11,0.10924
2016-07-10,-0.0473
2016-07-09,0.17809999999999998
2016-07-08,0.0
2016-07-07,0.22326666666666664
2016-07-06,-0.2549666666666666
2016-07-05,-0.09328333333333334
2016-07-04,0.0
2016-07-02,-0.2732
2016-07-01,-0.2233
2016-06-30,0.02520000000000001
2016-06-29,0.09038333333333333
2016-06-28,0.12148333333333333
2016-06-27,0.08096666666666667
2016-06-26,0.31245
2016-06-25,0.33375
2016-06-24,0.06023333333333334
2016-06-22,-0.18076666666666666
2016-06-21,0.014740000000000008
2016-06-20,0.14052
2016-06-19,-0.05135
2016-06-17,0.061676923076923074
2016-06-16,-0.17334
2016-06-15,0.1976
2016-06-14,0.1907222222222222
2016-06-13,0.16839999999999997
2016-06-12,0.132625
2016-06-10,0.2994
2016-06-09,0.17365555555555556
2016-06-08,0.1620857142857143
2016-06-07,0.0
2016-06-06,-0.056400000000000006
2016-06-05,-0.10115
2016-06-04,-0.035080000000000014
2016-06-03,0.29585
2016-06-02,0.17866666666666667
2016-06-01,0.21448461538461538
2016-05-31,0.11623333333333336
2016-05-30,-0.2732
2016-05-29,0.0
2016-05-28,0.273975
2016-05-27,-0.1144
2016-05-26,-0.08300624999999999
2016-05-25,0.1716
2016-05-24,-0.18958
2016-05-23,0.18205454545454547
2016-05-22,0.12726666666666667
2016-05-21,0.11333333333333334
2016-05-20,0.12764285714285714
2016-05-19,-0.07096
2016-05-18,0.10594
2016-05-17,0.08036
2016-05-16,0.04950833333333333
2016-05-15,0.3551
2016-05-14,-0.14696666666666666
2016-05-13,0.2021777777777778
2016-05-12,0.09047586206896552
2016-05-11,0.2048
2016-05-10,0.23373333333333335
2016-05-09,0.2033545454545454
2016-05-08,-0.03172000000000001
2016-05-07,0.1858
2016-05-06,0.002416666666666678
2016-05-05,-0.0846642857142857
2016-05-04,-0.09884285714285714
2016-05-03,0.04620416666666666
2016-05-02,-0.13998181818181818
2016-05-01,-0.11526666666666667
2016-04-30,0.22599999999999998
2016-04-29,0.22992727272727273
2016-04-28,0.003490476190476192
2016-04-27,-0.013128260869565214
2016-04-26,0.056679629629629635
2016-04-25,-0.14635454545454546
2016-04-24,0.4019
2016-04-23,0.50195
2016-04-22,-0.025369999999999997
2016-04-21,-0.17962
2016-04-20,-0.09509999999999999
2016-04-19,0.0
2016-04-18,0.042142857142857135
2016-04-17,0.0
2016-04-16,-0.148
2016-04-15,-0.06939999999999999
2016-04-14,0.0033400000000000096
2016-04-13,-0.07524285714285714
2016-04-10,-0.03733333333333333
2016-04-09,0.064
2016-04-08,0.45966666666666667
2016-04-07,0.012699999999999998
2016-04-06,0.17416
2016-04-05,0.2617125
2016-04-04,0.11717999999999999
2016-04-03,0.0
2016-04-02,0.0
2016-04-01,0.14035
2016-03-31,0.277875
2016-03-30,0.042609090909090916
2016-03-29,0.05910000000000001
2016-03-28,-0.11216666666666665
2016-03-27,0.0
2016-03-26,0.27035000000000003
2016-03-25,0.17946
2016-03-24,0.17338333333333333
2016-03-23,0.2303875
2016-03-22,-0.02395999999999999
2016-03-21,0.046619047619047616
2016-03-19,0.1779
2016-03-18,0.22491428571428576
2016-03-17,0.10388
2016-03-16,0.1366
2016-03-15,0.15448
2016-03-14,-0.0845
2016-03-13,0.11315
2016-03-12,0.51045
2016-03-11,-0.023849999999999996
2016-03-10,0.1480857142857143
2016-03-09,-0.023642857142857132
2016-03-08,0.113675
2016-03-07,0.04191538461538462
2016-03-06,0.2385
2016-03-05,0.06933333333333332
2016-03-04,0.012462500000000001
2016-03-03,0.2696125
2016-03-02,-0.1531
2016-03-01,0.5562
2016-02-29,0.3404
2016-02-28,-0.20555
2016-02-27,-0.11381666666666668
2016-02-26,0.25052
2016-02-25,0.046139999999999994
2016-02-24,0.01153333333333334
2016-02-23,0.18896000000000002
2016-02-22,0.05726153846153846
2016-02-21,-0.1027
2016-02-20,0.0
2016-02-19,-0.07226874999999999
2016-02-18,-0.008774999999999996
2016-02-17,0.11386666666666669
2016-02-16,0.006333333333333326
2016-02-15,0.1727
2016-02-14,0.20095
2016-02-13,-0.05135
2016-02-12,0.0
2016-02-11,0.030227272727272724
2016-02-10,0.2864666666666667
2016-02-09,0.05404444444444444
2016-02-08,0.14844
2016-02-07,0.424225
2016-02-06,0.16661666666666666
2016-02-05,-0.023424999999999994
2016-02-04,0.4753
2016-02-03,0.2909666666666667
2016-02-02,0.09023333333333333
2016-02-01,0.0765076923076923
2016-01-31,-0.12341666666666667
2016-01-30,0.4756333333333333
2016-01-29,0.07092500000000002
2016-01-28,0.09108
2016-01-27,0.005021621621621627
2016-01-26,0.11512954545454547
2016-01-25,0.08426666666666666
2016-01-24,0.07735000000000002
2016-01-23,0.0
2016-01-22,-0.043508333333333336
2016-01-21,0.15092499999999998
2016-01-20,-0.1909
2016-01-19,0.005415384615384626
2016-01-18,0.0
2016-01-17,0.31845
2016-01-16,0.11333333333333334
2016-01-15,0.06907142857142858
2016-01-14,0.06988749999999999
2016-01-13,0.2733733333333333
2016-01-12,0.2552461538461538
2016-01-11,-0.07239999999999999
2016-01-10,0.18059999999999998
2016-01-09,-0.12419999999999999
2016-01-08,0.1477125
2016-01-07,0.15586000000000003
2016-01-06,-0.03108
2016-01-05,0.0002444444444444422
2016-01-04,0.04766470588235293
2016-01-03,-0.09473333333333334
2016-01-02,0.2611857142857143
2016-01-01,0.08625714285714285
2015-12-31,0.1051
2015-12-30,-0.7351
2015-12-28,0.2343666666666667
2015-12-27,0.08694999999999999
2015-12-26,0.1909
2015-12-24,0.0
2015-12-22,0.0483625
2015-12-21,-0.05062222222222222
2015-12-20,0.2023
2015-12-19,0.3818
2015-12-18,0.0
2015-11-12,0.2997
2015-11-11,-0.012957142857142858
2015-11-10,0.21062
2015-11-09,0.15102857142857143
2015-11-08,0.0
2015-11-07,0.03535555555555556
2015-11-06,0.3172428571428571
2015-11-05,0.410775
2015-11-04,0.07121999999999998
2015-11-03,0.2337111111111111
2015-11-02,0.349225
2015-11-01,-0.43035
2015-10-31,0.30206
2015-10-30,0.2766090909090909
2015-10-29,0.16974615384615385
2015-10-28,0.16950625
2015-10-27,0.1313666666666667
2015-10-26,0.13194545454545453
2015-10-25,0.11130000000000001
2015-10-24,0.16284285714285712
2015-10-23,0.13617142857142858
2015-10-22,0.29295
2015-10-21,0.07033333333333332
2015-10-20,0.06444
2015-10-19,0.20907857142857142
2015-10-18,0.031874999999999994
2015-10-17,0.13335
2015-10-16,-0.08487272727272727
2015-10-15,0.24818999999999997
2015-10-14,0.054300000000000015
2015-10-13,-0.3548
2015-10-12,0.01962
2015-10-11,0.41483333333333333
2015-10-10,0.06760000000000001
2015-10-09,-0.05978823529411764
2015-10-08,0.1343090909090909
2015-10-07,0.11561428571428571
2015-10-06,-0.056725
2015-10-05,0.21923333333333334
2015-10-04,0.5971500000000001
2015-10-03,0.20648333333333335
2015-10-02,0.0639090909090909
2015-10-01,0.13246
2015-09-30,0.0968
2015-09-29,0.15017368421052635
2015-09-28,0.0
2015-09-27,0.3531
2015-09-26,-0.038275
2015-09-25,0.06985000000000001
2015-09-24,0.028512499999999996
2015-09-23,0.135575
2015-09-22,0.11959130434782608
2015-09-21,0.14940666666666666
2015-09-20,0.0
2015-09-19,0.17143333333333333
2015-09-18,0.06301538461538461
2015-09-17,0.2554444444444444
2015-09-16,0.14326666666666668
2015-09-14,0.18302222222222223
2015-09-13,0.5574
2015-09-12,0.2638
2015-09-11,0.10335999999999998
2015-09-10,0.12988000000000002
2015-09-09,0.06177708333333334
2015-09-08,-0.09137333333333333
2015-09-07,0.07162500000000001
2015-09-06,-0.1531
2015-09-05,0.0
2015-09-04,0.10875555555555556
2015-09-03,0.1054
2015-09-02,0.13617222222222222
2015-09-01,0.05834285714285714
2015-08-31,0.112725
2015-08-30,0.40569999999999995
2015-08-29,0.4084
2015-08-28,-0.0779857142857143
2015-08-27,0.025076923076923073
2015-08-26,0.06441250000000001
2015-08-25,-0.039313333333333325
2015-08-24,0.0996375
2015-08-23,0.2027
2015-08-22,0.0593
2015-08-21,0.06862727272727275
2015-08-20,0.03337142857142857
2015-08-19,0.15115714285714285
2015-08-18,0.3547444444444445
2015-08-17,0.0
2015-08-16,-0.268
2015-08-14,0.11276250000000002
2015-08-13,0.06191
2015-08-12,0.1529181818181818
2015-08-11,-0.1532909090909091
2015-08-10,0.22511176470588237
2015-08-09,0.02933333333333334
2015-08-07,0.24546666666666664
2015-08-06,0.1402
2015-08-05,0.03347307692307693
2015-08-04,0.1900529411764706
2015-08-03,0.06133529411764704
2015-08-02,0.0
2015-08-01,0.6776333333333332
2015-07-31,0.18589166666666668
2015-07-30,0.15293333333333334
2015-07-29,0.0
2015-07-28,0.2787
2015-07-27,0.25995384615384615
2015-07-26,0.4078
2015-07-24,0.46049999999999996
2015-07-23,0.24458125000000003
2015-07-22,0.030116129032258063
2015-07-21,0.12084354838709678
2015-07-20,0.05994444444444445
2015-07-18,0.39805
2015-07-17,0.10571818181818181
2015-07-16,0.11447058823529412
2015-07-15,0.2516333333333333
2015-07-14,0.15009230769230772
2015-07-13,0.3441090909090909
2015-07-12,0.35055000000000003
2015-07-11,0.1091
2015-07-10,0.3541333333333333
2015-07-09,0.063332
2015-07-08,0.07658888888888891
2015-07-07,0.04874545454545454
2015-07-06,-0.054799999999999995
2015-07-05,0.0
2015-07-04,0.7845
2015-07-03,0.19136666666666666
2015-07-02,-0.0903
2015-07-01,0.22905
2015-06-30,-0.062025
2015-06-29,0.07340625
2015-06-28,0.0
2015-06-27,0.1373888888888889
2015-06-26,-0.277725
2015-06-25,-0.12694
2015-06-24,0.13244117647058823
2015-06-23,-0.006474999999999981
2015-06-22,0.18865
2015-06-21,0.30187777777777774
2015-06-20,0.0
2015-06-19,0.136
2015-06-18,0.2531857142857143
2015-06-17,0.0
2015-06-15,0.0
2015-06-14,0.2146375
2015-06-13,0.3421
2015-06-12,0.0353375
2015-06-11,0.5653666666666667
2015-06-10,0.051876470588235316
2015-06-09,0.1911272727272727
2015-06-08,-0.024228
2015-06-07,0.33126
2015-06-06,-0.014159999999999996
2015-06-05,-0.016931249999999995
2015-06-04,0.09724166666666667
2015-06-03,0.06253636363636363
2015-06-02,0.34240000000000004
2015-06-01,0.07532857142857144
2015-05-31,0.2192
2015-05-30,0.23748571428571427
2015-05-29,0.19765
2015-05-28,0.3065
2015-05-27,0.11049130434782607
2015-05-26,0.22044000000000002
2015-05-25,0.5423
2015-05-23,0.15916999999999998
2015-05-22,0.23014444444444443
2015-05-21,0.36186666666666667
2015-05-20,0.32004375
2015-05-19,0.21610000000000001
2015-05-18,0.28515333333333337
2015-05-17,0.31316666666666665
2015-05-16,0.24385
2015-05-15,0.2787
2015-05-14,0.18848333333333334
2015-05-13,0.15757142857142856
2015-05-12,-0.0041799999999999945
2015-05-11,0.13371111111111111
2015-05-08,0.05496000000000001
2015-05-07,0.26519
2015-05-06,0.32145555555555555
2015-05-05,0.0835470588235294
2015-05-04,0.0
2015-05-03,-0.03604999999999999
2015-05-02,0.396725
2015-05-01,0.19580526315789473
2015-04-30,0.15024761904761905
2015-04-29,0.03768
2015-04-28,0.10185945945945947
2015-04-27,0.115225
2015-04-26,0.13953333333333334
2015-04-25,0.135075
2015-04-24,0.15542631578947366
2015-04-23,0.22899285714285716
2015-04-22,0.14203529411764704
2015-04-21,0.20587333333333335
2015-04-20,0.0
2015-04-17,-0.023887500000000002
2015-04-16,0.23350714285714286
2015-04-15,0.18738888888888888
2015-04-14,-0.06890769230769231
2015-04-13,0.16732
2015-03-29,-0.2553
2015-03-28,-0.0077333333333333325
2015-03-27,0.17063809523809526
2015-03-26,0.19695000000000001
2015-03-25,0.07220625
2015-03-24,0.07837000000000001
2015-03-23,0.0922153846153846
2015-03-22,-0.19001428571428572
2015-03-21,-0.02991666666666666
2015-03-20,-0.04920476190476192
2015-03-19,0.11559285714285715
2015-03-18,0.33437857142857147
2015-03-17,0.08812352941176471
2015-03-16,0.04792142857142856
2015-03-15,0.21075
2015-03-14,0.2787
2015-03-13,0.2836083333333333
2015-03-12,0.121504
2015-03-11,0.12497368421052633
2015-03-10,0.011704545454545466
2015-03-09,0.15279545454545454
2015-03-08,0.15045454545454545
2015-03-07,0.33463333333333334
2015-03-06,0.1126142857142857
2015-03-05,0.13803333333333334
2015-03-04,0.04367222222222224
2015-03-03,0.036977777777777776
2015-03-02,0.16959090909090913
2015-03-01,0.33523000000000003
2015-02-28,0.11841666666666667
2015-02-27,0.15828333333333333
2015-02-26,0.15237407407407405
2015-02-25,0.08944583333333334
2015-02-24,0.15507894736842104
2015-02-23,0.15013928571428575
2015-02-22,0.14712222222222224
2015-02-21,0.3182
2015-02-20,0.039949999999999986
2015-02-19,0.15089375
2015-02-18,0.16441666666666668
2015-02-17,0.12367647058823529
2015-02-16,0.21739999999999998
2015-02-15,0.13458571428571428
2015-02-14,0.23020000000000002
2015-02-13,0.217415
2015-02-12,0.15313703703703704
2015-02-11,0.28653333333333336
2015-02-10,0.1289714285714286
2015-02-09,0.3751333333333333
2015-02-08,0.3182
2015-02-07,0.2348
2015-02-06,0.23235555555555554
2015-02-05,0.22280000000000003
2015-02-04,0.13098823529411763
2015-02-03,0.09379090909090909
2015-02-02,-0.076825
2015-02-01,0.13396666666666665
2015-01-30,0.15843529411764706
2015-01-29,0.19021000000000002
2015-01-28,0.23954166666666668
2015-01-27,0.192155737704918
2015-01-26,0.1544111111111111
2015-01-25,0.039425
2015-01-24,0.48165
2015-01-23,0.21901
2015-01-22,0.2772833333333333
2015-01-21,0.3015777777777778
2015-01-20,-0.013750000000000012
2015-01-19,-0.3182
2015-01-18,0.09663333333333333
2015-01-17,0.05103333333333334
2015-01-16,0.38527500000000003
2015-01-15,0.08706875
2015-01-14,0.16995555555555555
2015-01-13,0.21824705882352943
2015-01-12,0.32026363636363636
2015-01-11,0.0
2015-01-10,0.07436666666666666
2015-01-09,0.09209333333333336
2015-01-08,0.39608333333333334
2015-01-07,0.07613571428571428
2015-01-06,0.1499
2015-01-05,0.21459
2015-01-04,0.37852
2015-01-03,0.30746666666666667
2015-01-02,-0.38825
2014-12-31,0.29591111111111107
2014-12-30,0.2521
2014-12-29,-0.1531
2014-12-26,-0.042666666666666665
2014-12-25,0.2787
2014-12-24,0.2802125
2014-12-23,0.42775
2014-12-22,0.2357
2014-12-21,0.0
2014-12-20,0.24503333333333333
2014-12-19,0.2189529411764706
2014-12-18,0.22638823529411767
2014-12-17,0.07196923076923077
2014-12-16,0.1638222222222222
2014-12-15,0.24191818181818184
2014-12-14,0.0
2014-12-13,0.09866666666666667
2014-12-12,0.06432
2014-12-11,0.1368
2014-12-10,0.09166875
2014-12-09,0.3453333333333333
2014-12-08,0.44132
2014-12-07,0.10103
2014-12-06,0.46082500000000004
2014-12-05,-0.027900000000000015
2014-12-04,0.3422307692307692
2014-12-03,0.3267875
2014-12-02,0.06440000000000001
2014-12-01,-0.05835294117647059
2014-11-30,0.0
2014-11-29,0.4063
2014-11-28,0.12027499999999999
2014-11-27,0.330125
2014-11-26,0.326775
2014-11-25,0.14383846153846155
2014-11-24,0.15410000000000001
2014-11-21,0.32480000000000003
2014-11-20,-0.009749999999999998
2014-11-19,-0.056475
2014-11-18,0.17684166666666667
2014-11-17,0.186325
2014-11-16,0.23622
2014-11-15,-0.04479999999999999
2014-11-14,-0.043285714285714295
2014-11-13,0.14097142857142855
2014-11-12,0.1858
2014-11-11,0.12257
2014-11-10,-0.15300000000000002
2014-11-09,-0.12745
2014-11-08,0.8442
2014-11-07,-0.05135
2014-11-06,0.15203000000000003
2014-11-05,0.3016571428571428
2014-11-04,0.10640000000000001
2014-11-03,0.22485
2014-11-02,0.4688
2014-11-01,0.028899999999999995
2014-10-31,0.3818
2014-10-30,0.43014375000000005
2014-10-29,0.1468
2014-10-28,0.20770769230769232
2014-10-27,0.012700000000000022
2014-10-26,0.3182
2014-10-25,0.3818
2014-10-24,0.19269999999999998
2014-10-23,0.1984294117647059
2014-10-22,0.23512352941176468
2014-10-21,0.17009047619047618
2014-10-20,0.11773333333333334
2014-10-18,0.39034
2014-10-17,0.0010799999999999976
2014-10-16,0.06678800000000001
2014-10-15,0.1264375
2014-10-14,0.21077142857142858
2014-10-13,0.2380375
2014-10-12,-0.0172
2014-10-11,0.148
2014-10-10,0.00497857142857142
2014-10-09,0.19219999999999998
2014-10-08,0.28837999999999997
2014-10-07,0.40072307692307696
2014-10-06,0.27485000000000004
2014-10-05,0.5698
2014-10-02,0.16519999999999999
2014-10-01,0.0884666666666667
2014-09-30,-0.22988000000000003
2014-09-29,-0.017909999999999995
2014-09-28,0.180475
2014-09-27,-0.8555
2014-09-26,0.136525
2014-09-25,0.08516000000000003
2014-09-24,0.14114782608695653
2014-09-23,0.15599166666666667
2014-09-22,0.21103333333333332
2014-09-20,-0.09767500000000001
2014-09-19,-0.0021937500000000013
2014-09-18,0.289975
2014-09-17,0.2207375
2014-09-16,0.15428500000000003
2014-09-15,0.2336642857142857
2014-09-12,0.12572499999999998
2014-09-11,0.1092357142857143
2014-09-10,0.07604137931034481
2014-09-09,0.13553258426966294
2014-09-08,0.20368750000000002
2014-09-06,0.06363333333333333
2014-09-05,0.1482071428571429
2014-09-04,0.03505000000000001
2014-09-03,0.055318181818181815
2014-09-02,0.03688235294117647
2014-08-31,0.2939857142857143
2014-08-30,0.1366
2014-08-29,-0.027471428571428574
2014-08-28,0.21767499999999998
2014-08-27,0.024636363636363637
2014-08-26,0.10110000000000001
2014-08-25,0.26407
2014-08-24,0.0
2014-08-23,0.0
2014-08-22,0.058300000000000005
2014-08-21,0.13518571428571427
2014-08-20,0.1194
2014-08-19,0.11727083333333334
2014-08-18,0.12206363636363636
2014-08-17,0.16463333333333333
2014-08-16,0.0
2014-08-15,0.25845454545454544
2014-08-14,0.013766666666666663
2014-08-13,-0.021100000000000008
2014-08-12,0.16906666666666667
2014-08-11,0.18241111111111113
2014-08-10,0.28595
2014-08-09,0.0
2014-08-08,0.09141666666666666
2014-08-07,-0.005350000000000003
2014-08-06,-0.03875
2014-08-05,0.10978888888888888
2014-08-04,0.1835142857142857
2014-08-03,0.074
2014-08-02,0.184
2014-08-01,0.0
2014-07-31,0.35038
2014-07-30,0.17541428571428572
2014-07-29,0.11845714285714284
2014-07-28,0.6759
2014-07-27,0.442625
2014-07-26,0.31103333333333333
2014-07-25,0.16027
2014-07-24,0.09135999999999998
2014-07-23,0.06315882352941177
2014-07-22,0.11550000000000002
2014-07-21,0.12798
2014-07-20,0.0
2014-07-19,-0.3182
2014-07-18,0.0817
2014-07-17,0.16167
2014-07-16,0.27731666666666666
2014-07-15,0.06811111111111111
2014-07-14,0.1788625
2014-07-13,-0.3818
2014-07-12,0.27485000000000004
2014-07-11,0.35569
2014-07-10,-0.017557142857142858
2014-07-09,0.0
2014-07-08,0.37693999999999994
2014-07-07,0.2087733333333333
2014-07-06,-0.3182
2014-07-04,0.205525
2014-07-03,0.08333333333333333
2014-07-02,0.10386666666666666
2014-07-01,0.06363333333333333
2014-06-30,0.0
2014-06-29,-0.03134999999999999
2014-06-28,0.23478
2014-06-27,0.20478888888888888
2014-06-26,-0.3287
2014-06-25,0.29295
2014-06-24,0.2666111111111111
2014-06-23,-0.05
2014-06-22,0.10869999999999999
2014-06-21,0.3612
2014-06-20,0.16423333333333334
2014-06-18,0.18672000000000002
2014-06-17,0.19305714285714284
2014-06-16,0.0984
2014-06-15,0.26306
2014-06-14,0.05429999999999999
2014-06-13,0.12576
2014-06-12,0.06280000000000001
2014-06-11,0.5859
2014-06-10,0.39829
2014-06-09,0.03868571428571429
2014-06-08,0.7402
2014-06-07,-0.216675
2014-06-06,0.21899999999999997
2014-06-05,0.15276250000000002
2014-06-04,0.18100769230769234
2014-06-03,0.14782
2014-06-02,0.09099210526315789
2014-06-01,0.125
2014-05-30,0.17595625
2014-05-29,0.020969230769230775
2014-05-28,0.09891176470588235
2014-05-27,0.2777545454545454
2014-05-26,0.0516
2014-05-25,0.33039999999999997
2014-05-24,0.0
2014-05-23,0.25051428571428574
2014-05-22,0.45114
2014-05-21,-0.12069999999999999
2014-05-20,0.10691999999999999
2014-05-19,0.09545
2014-05-18,0.1366
2014-05-17,0.1514375
2014-05-16,0.14984999999999998
2014-05-15,0.21864
2014-05-14,0.189075
2014-05-13,0.12122
2014-05-12,0.005020000000000002
2014-05-11,0.02717500000000002
2014-05-10,0.0
2014-05-09,0.12206000000000002
2014-05-08,0.22394444444444447
2014-05-07,0.3418
2014-05-06,-0.07248333333333334
2014-05-05,0.2679
2014-05-04,0.4831
2014-05-03,0.18982000000000002
2014-05-02,0.2318666666666667
2014-05-01,0.5152
2014-04-30,0.125
2014-04-29,0.07532857142857141
2014-04-28,0.3361
2014-04-27,0.4215
2014-04-26,0.18575555555555556
2014-04-25,-0.022119999999999994
2014-04-24,0.15186944444444442
2014-04-23,0.06665000000000001
2014-04-22,-0.009424999999999996
2014-04-21,0.2457444444444445
2014-04-20,0.0
2014-04-19,0.0
2014-04-18,0.18767499999999998
2014-04-17,-0.0025428571428571323
2014-04-16,-0.007733333333333314
2014-04-15,-0.36755
2014-04-13,0.0
2014-04-12,0.0
2014-04-11,0.05516666666666667
2014-04-10,0.127025
2014-04-08,0.4404
2014-04-07,-0.04241428571428572
2014-04-06,0.29059999999999997
2014-04-05,-0.00630000000000001
2014-04-04,0.202275
2014-04-03,0.0
2014-04-02,0.118825
2014-04-01,0.14967272727272726
2014-03-31,0.050999999999999976
2014-03-30,-0.4404
2014-03-28,0.08895
2014-03-27,0.04547
2014-03-26,0.19848333333333334
2014-03-25,0.03175
2014-03-24,0.07486666666666668
2014-03-23,0.0
2014-03-22,0.5796
2014-03-21,-0.1591
2014-03-20,0.0
2014-03-19,0.0184125
2014-03-18,-0.0926909090909091
2014-03-17,0.23594285714285718
2014-03-15,-0.1591
2014-03-14,0.06871428571428571
2014-03-13,0.1536625
2014-03-12,0.3261428571428571
2014-03-11,-0.019450000000000002
2014-03-09,-0.3612
2014-03-08,-0.27015
2014-03-07,0.18217142857142857
2014-03-06,0.13894
2014-03-05,-0.4404
2014-03-04,0.1074
2014-03-03,0.22877999999999998
2014-03-02,0.31245
2014-03-01,-0.1901
2014-02-28,0.18850000000000003
2014-02-27,0.38544999999999996
2014-02-26,0.11185714285714288
2014-02-25,0.26214
2014-02-24,0.19023
2014-02-23,0.1858
2014-02-22,0.0
2014-02-21,0.10575714285714286
2014-02-20,0.21107777777777778
2014-02-19,0.027400000000000035
2014-02-18,0.07810833333333334
2014-02-17,-0.1858
2014-02-16,0.09226666666666668
2014-02-15,0.6309333333333332
2014-02-14,-0.152375
2014-02-13,0.1614875
2014-02-12,0.29665833333333336
2014-02-11,0.43015000000000003
2014-02-10,0.1320125
2014-02-09,0.28945
2014-02-08,0.27080000000000004
2014-02-07,0.15648518518518517
2014-02-06,-0.12205454545454546
2014-02-05,0.043899999999999995
2014-02-04,0.1435
2014-02-03,0.16881428571428572
2014-02-02,-0.034579999999999965
2014-01-31,0.09835555555555554
2014-01-30,0.1756909090909091
2014-01-29,0.12891764705882355
2014-01-28,0.06473333333333334
2014-01-27,0.07537368421052633
2014-01-26,0.0
2014-01-25,0.18929999999999997
2014-01-24,0.20511428571428575
2014-01-23,0.2471866666666667
2014-01-22,0.21086000000000005
2014-01-21,0.10164999999999999
2014-01-20,0.37385
2014-01-18,-0.0595875
2014-01-17,0.017955555555555565
2014-01-16,0.11977499999999999
2014-01-15,0.15797333333333335
2014-01-14,0.20820000000000002
2014-01-13,0.01817499999999999
2014-01-12,0.0
2014-01-11,-0.2787
2014-01-10,0.1214
2014-01-09,0.1356625
2014-01-08,0.448225
2014-01-07,0.20118
2014-01-06,0.06794666666666666
2014-01-05,0.4754
2014-01-04,0.0
2014-01-03,0.034235294117647065
2014-01-02,0.17536470588235295
2014-01-01,0.29231818181818187
